household_ID,district,subvillage,village,ward,Intervention,campaign_type,total,microchiped,number_dogs_seen,microchip_scanned_dogs_yes
HS0501,0,98,0,0,0,pulse,3,3,NA,NA
HS0959,1,26,1,1,2,continuous,1,1,NA,NA
HS0061,0,20,2,2,3,continuous,1,0,NA,NA
HS0502,0,98,0,0,0,pulse,2,1,NA,NA
HS0503,0,98,0,0,0,pulse,2,2,NA,NA
HS0504,0,98,0,0,0,pulse,5,2,NA,NA
HS0505,0,98,0,0,0,pulse,1,1,NA,NA
HS0506,0,98,0,0,0,pulse,2,1,NA,NA
HS0507,0,98,0,0,0,pulse,1,0,NA,NA
HS0508,0,98,0,0,0,pulse,1,1,NA,NA
HS0509,0,98,0,0,0,pulse,1,1,NA,NA
HS0510,0,98,0,0,0,pulse,1,1,NA,NA
HS0511,0,63,0,0,0,pulse,5,0,NA,NA
HS0512,0,63,0,0,0,pulse,3,3,NA,NA
HS0513,0,63,0,0,0,pulse,3,3,NA,NA
HS0514,0,63,0,0,0,pulse,2,0,NA,NA
HS0515,0,63,0,0,0,pulse,3,0,NA,NA
HS0516,0,63,0,0,0,pulse,1,1,NA,NA
HS0517,0,63,0,0,0,pulse,2,0,NA,NA
HS0518,0,63,0,0,0,pulse,1,0,NA,NA
HS0519,0,63,0,0,0,pulse,3,3,NA,NA
HS0520,0,63,0,0,0,pulse,1,1,NA,NA
HS0521,0,73,0,0,0,pulse,1,1,NA,NA
HS0522,0,73,0,0,0,pulse,2,2,NA,NA
HS0523,0,73,0,0,0,pulse,1,0,NA,NA
HS0524,0,73,0,0,0,pulse,2,0,NA,NA
HS0525,0,73,0,0,0,pulse,3,2,NA,NA
HS0526,0,73,0,0,0,pulse,2,0,NA,NA
HS0527,0,73,0,0,0,pulse,7,0,NA,NA
HS0528,0,73,0,0,0,pulse,1,0,NA,NA
HS0529,0,73,0,0,0,pulse,3,3,NA,NA
HS0530,0,73,0,0,0,pulse,1,0,NA,NA
HS0531,0,76,3,0,0,pulse,1,0,NA,NA
HS0532,0,76,3,0,0,pulse,1,0,NA,NA
HS0533,0,76,3,0,0,pulse,1,0,NA,NA
HS0004,0,52,4,2,3,continuous,2,2,NA,NA
HS0534,0,76,3,0,0,pulse,2,0,NA,NA
HS0005,0,52,4,2,3,continuous,3,3,NA,NA
HS0006,0,52,4,2,3,continuous,2,1,NA,NA
HS0535,0,76,3,0,0,pulse,1,0,NA,NA
HS0007,0,52,4,2,3,continuous,3,0,NA,NA
HS0536,0,76,3,0,0,pulse,2,0,NA,NA
HS0008,0,52,4,2,3,continuous,3,3,NA,NA
HS0537,0,76,3,0,0,pulse,1,0,NA,NA
HS0009,0,52,4,2,3,continuous,2,2,NA,NA
HS0010,0,52,4,2,3,continuous,1,1,NA,NA
HS0011,0,67,4,2,3,continuous,1,1,NA,NA
HS0541,0,76,3,0,0,pulse,3,0,NA,NA
HS0540,0,76,3,0,0,pulse,1,0,NA,NA
HS0012,0,67,4,2,3,continuous,3,3,NA,NA
HS0538,0,76,3,0,0,pulse,1,0,NA,NA
HS0013,0,67,4,2,3,continuous,2,2,NA,NA
HS0014,0,67,4,2,3,continuous,4,4,NA,NA
HS0015,0,67,4,2,3,continuous,6,0,NA,NA
HS0016,0,67,4,2,3,continuous,1,0,NA,NA
HS0017,0,67,4,2,3,continuous,1,1,NA,NA
HS0547,0,81,3,0,0,pulse,2,2,NA,NA
HS0018,0,67,4,2,3,continuous,1,1,NA,NA
HS0546,0,81,3,0,0,pulse,2,2,NA,NA
HS0019,0,67,4,2,3,continuous,3,2,NA,NA
HS0545,0,81,3,0,0,pulse,2,0,NA,NA
HS0020,0,67,4,2,3,continuous,1,0,NA,NA
HS0021,0,85,4,2,3,continuous,1,1,NA,NA
HS0539,0,81,3,0,0,pulse,1,1,NA,NA
HS0022,0,85,4,2,3,continuous,2,2,NA,NA
HS0544,0,81,3,0,0,pulse,2,2,NA,NA
HS0023,0,85,4,2,3,continuous,2,2,NA,NA
HS0543,0,81,3,0,0,pulse,2,0,NA,NA
HS0024,0,85,4,2,3,continuous,2,2,NA,NA
HS0025,0,85,4,2,3,continuous,1,1,NA,NA
HS0542,0,81,3,0,0,pulse,1,0,NA,NA
HS0026,0,85,4,2,3,continuous,1,1,NA,NA
HS0027,0,85,4,2,3,continuous,2,1,NA,NA
HS0028,0,85,4,2,3,continuous,2,2,NA,NA
HS0029,0,85,4,2,3,continuous,2,2,NA,NA
HS0030,0,85,4,2,3,continuous,1,1,NA,NA
HS0554,0,81,3,0,0,pulse,2,0,NA,NA
HS0553,0,81,3,0,0,pulse,2,0,NA,NA
HS0552,0,81,3,0,0,pulse,1,0,NA,NA
HS0551,0,45,3,0,0,pulse,1,0,NA,NA
HS0550,0,45,3,0,0,pulse,1,1,NA,NA
HS0549,0,45,3,0,0,pulse,1,1,NA,NA
HS0565,0,45,3,0,0,pulse,1,0,NA,NA
HS0564,0,45,3,0,0,pulse,2,2,NA,NA
HS0563,0,45,3,0,0,pulse,2,0,NA,NA
HS0562,0,45,3,0,0,pulse,1,1,NA,NA
HS0561,0,45,3,0,0,pulse,1,0,NA,NA
HS0560,0,45,3,0,0,pulse,1,1,NA,NA
HS0559,0,45,3,0,0,pulse,3,3,NA,NA
HS0031,0,15,5,2,3,continuous,1,1,NA,NA
HS0032,0,15,5,2,3,continuous,2,2,NA,NA
HS0033,0,15,5,2,3,continuous,3,3,NA,NA
HS0034,0,15,5,2,3,continuous,3,3,NA,NA
HS0035,0,15,5,2,3,continuous,2,2,NA,NA
HS0036,0,15,5,2,3,continuous,2,2,NA,NA
HS0037,0,15,5,2,3,continuous,1,1,NA,NA
HS0038,0,15,5,2,3,continuous,1,1,NA,NA
HS0039,0,15,5,2,3,continuous,2,2,NA,NA
HS0040,0,15,5,2,3,continuous,2,1,NA,NA
HS0558,1,116,6,3,0,pulse,6,3,NA,NA
HS0041,0,53,5,2,3,continuous,2,0,NA,NA
HS0042,0,53,5,2,3,continuous,3,2,NA,NA
HS0043,1,116,6,3,0,pulse,4,0,NA,NA
HS0044,1,116,6,3,0,pulse,6,2,NA,NA
HS0045,0,53,5,2,3,continuous,4,2,NA,NA
HS0046,0,53,5,2,3,continuous,2,2,NA,NA
HS0047,0,53,5,2,3,continuous,6,3,NA,NA
HS0048,0,53,5,2,3,continuous,3,3,NA,NA
HS0049,0,53,5,2,3,continuous,2,2,NA,NA
HS0050,0,53,5,2,3,continuous,2,2,NA,NA
HS0051,0,53,5,2,3,continuous,3,2,NA,NA
HS0052,0,53,5,2,3,continuous,3,2,NA,NA
HS0053,0,101,5,2,3,continuous,2,2,NA,NA
HS0054,0,101,5,2,3,continuous,3,3,NA,NA
HS0055,0,101,5,2,3,continuous,1,1,NA,NA
HS0056,0,101,5,2,3,continuous,1,0,NA,NA
HS0057,0,101,5,2,3,continuous,1,1,NA,NA
HS0058,0,101,5,2,3,continuous,2,1,NA,NA
HS0059,0,101,5,2,3,continuous,3,2,NA,NA
HS0060,0,101,5,2,3,continuous,1,1,NA,NA
HS0808,0,101,5,2,3,continuous,1,1,NA,NA
HS0809,0,101,5,2,3,continuous,2,2,NA,NA
HS0810,1,10,7,4,1,continuous,3,3,NA,NA
HS0812,0,93,8,0,0,pulse,1,1,NA,NA
HS0813,0,93,8,0,0,pulse,2,0,NA,NA
HS0814,0,93,8,0,0,pulse,2,0,NA,NA
HS0815,0,93,8,0,0,pulse,2,0,NA,NA
HS0816,0,93,8,0,0,pulse,1,0,NA,NA
HS0817,0,93,8,0,0,pulse,1,0,NA,NA
HS0818,0,93,8,0,0,pulse,1,0,NA,NA
HS0819,0,93,8,0,0,pulse,1,0,NA,NA
HS0820,0,93,8,0,0,pulse,1,0,NA,NA
HS0821,0,93,8,0,0,pulse,1,0,NA,NA
HS0822,0,93,8,0,0,pulse,1,0,NA,NA
HS0823,0,93,8,0,0,pulse,1,0,NA,NA
HS0824,0,116,8,0,0,pulse,1,0,NA,NA
HS0825,0,116,8,0,0,pulse,1,1,NA,NA
HS0826,0,116,8,0,0,pulse,2,0,NA,NA
HS0827,0,116,8,0,0,pulse,1,0,NA,NA
HS0828,0,116,8,0,0,pulse,2,2,NA,NA
HS0829,0,116,8,0,0,pulse,1,0,NA,NA
HS0830,0,116,8,0,0,pulse,1,1,NA,NA
HS0831,0,116,8,0,0,pulse,3,1,NA,NA
HS0832,0,116,8,0,0,pulse,1,1,NA,NA
HS0833,0,116,8,0,0,pulse,2,2,NA,NA
HS0834,0,34,8,0,0,pulse,1,0,NA,NA
HS0835,0,34,8,0,0,pulse,2,2,NA,NA
HS0836,0,34,8,0,0,pulse,5,0,NA,NA
HS0837,0,34,8,0,0,pulse,3,0,NA,NA
HS0838,0,34,8,0,0,pulse,1,0,NA,NA
HS0062,0,34,8,0,0,pulse,2,0,NA,NA
HS0063,0,34,8,0,0,pulse,1,0,NA,NA
HS0064,0,34,8,0,0,pulse,1,0,NA,NA
HS0065,0,34,8,0,0,pulse,1,1,NA,NA
HS0066,0,34,8,0,0,pulse,2,1,NA,NA
HS0067,0,20,2,2,3,continuous,1,0,NA,NA
HS0068,0,20,2,2,3,continuous,2,2,NA,NA
HS0069,0,20,2,2,3,continuous,4,4,NA,NA
HS0070,0,20,2,2,3,continuous,1,1,NA,NA
HS0071,0,20,2,2,3,continuous,2,2,NA,NA
HS0072,0,20,2,2,3,continuous,2,2,NA,NA
HS0073,0,20,2,2,3,continuous,1,0,NA,NA
HS0074,0,20,2,2,3,continuous,2,2,NA,NA
HS0075,0,20,2,2,3,continuous,2,2,NA,NA
HS0076,0,115,2,2,3,continuous,1,1,NA,NA
HS0077,0,115,2,2,3,continuous,1,0,NA,NA
HS0078,0,115,2,2,3,continuous,1,1,NA,NA
HS0079,0,115,2,2,3,continuous,1,0,NA,NA
HS0080,0,115,2,2,3,continuous,2,1,NA,NA
HS0081,0,115,2,2,3,continuous,1,1,NA,NA
HS0082,0,115,2,2,3,continuous,2,1,NA,NA
HS0083,0,115,2,2,3,continuous,2,2,NA,NA
HS0084,0,115,2,2,3,continuous,2,0,NA,NA
HS0085,0,115,2,2,3,continuous,1,0,NA,NA
HS0086,0,3,2,2,3,continuous,1,1,NA,NA
HS0087,0,3,2,2,3,continuous,1,1,NA,NA
HS0088,0,3,2,2,3,continuous,2,2,NA,NA
HS0089,0,3,2,2,3,continuous,1,1,NA,NA
HS0090,0,3,2,2,3,continuous,2,2,NA,NA
HS0091,0,3,2,2,3,continuous,2,2,NA,NA
HS0092,0,3,2,2,3,continuous,2,2,NA,NA
HS0093,0,3,2,2,3,continuous,2,1,NA,NA
HS0094,0,3,2,2,3,continuous,4,3,NA,NA
HS0095,0,3,2,2,3,continuous,1,1,NA,NA
HS0096,0,29,9,5,2,continuous,5,5,NA,NA
HS0097,0,29,9,5,2,continuous,1,0,NA,NA
HS0099,0,29,9,5,2,continuous,1,1,NA,NA
HS0100,0,29,9,5,2,continuous,2,2,NA,NA
HS0101,0,29,9,5,2,continuous,2,1,NA,NA
HS0102,0,29,9,5,2,continuous,6,1,NA,NA
HS0103,0,29,9,5,2,continuous,2,2,NA,NA
HS0104,0,29,9,5,2,continuous,2,2,NA,NA
HS0105,0,29,9,5,2,continuous,3,3,NA,NA
HS0106,0,29,9,5,2,continuous,1,0,NA,NA
HS0107,0,111,9,5,2,continuous,2,2,NA,NA
HS0108,0,111,9,5,2,continuous,2,2,NA,NA
HS0109,0,111,9,5,2,continuous,1,1,NA,NA
HS0110,0,111,9,5,2,continuous,1,1,NA,NA
HS0111,0,111,9,5,2,continuous,1,0,NA,NA
HS0112,0,111,9,5,2,continuous,1,1,NA,NA
HS0113,0,111,9,5,2,continuous,1,1,NA,NA
HS0114,0,111,9,5,2,continuous,3,2,NA,NA
HS0115,0,111,9,5,2,continuous,1,1,NA,NA
HS0116,0,111,9,5,2,continuous,4,3,NA,NA
HS0117,0,11,9,5,2,continuous,3,1,NA,NA
HS0118,0,11,9,5,2,continuous,1,1,NA,NA
HS0119,0,11,9,5,2,continuous,1,1,NA,NA
HS0120,0,11,9,5,2,continuous,1,1,NA,NA
HS0121,0,11,9,5,2,continuous,2,0,NA,NA
HS0122,0,11,9,5,2,continuous,1,1,NA,NA
HS0123,0,11,9,5,2,continuous,1,1,NA,NA
HS0124,0,11,9,5,2,continuous,1,1,NA,NA
HS0125,0,11,9,5,2,continuous,6,2,NA,NA
HS0126,0,11,9,5,2,continuous,1,1,NA,NA
HS0127,0,96,10,5,2,continuous,2,2,NA,NA
HS0128,0,96,10,5,2,continuous,2,1,NA,NA
HS0129,0,96,10,5,2,continuous,1,0,NA,NA
HS0130,0,96,10,5,2,continuous,1,1,NA,NA
HS0137,0,96,10,5,2,continuous,3,3,NA,NA
HS0138,0,96,10,5,2,continuous,2,1,NA,NA
HS0139,0,96,10,5,2,continuous,1,1,NA,NA
HS0140,0,96,10,5,2,continuous,3,3,NA,NA
HS0141,0,96,10,5,2,continuous,1,1,NA,NA
HS0681,0,96,10,5,2,continuous,1,1,NA,NA
HS0142,0,19,10,5,2,continuous,1,1,NA,NA
HS0680,0,19,10,5,2,continuous,3,2,NA,NA
HS0143,0,19,10,5,2,continuous,1,1,NA,NA
HS0679,0,19,10,5,2,continuous,1,1,NA,NA
HS0144,0,66,10,5,2,continuous,1,1,NA,NA
HS0678,1,40,6,3,0,pulse,2,0,NA,NA
HS0145,0,66,10,5,2,continuous,1,1,NA,NA
HS0146,1,40,6,3,0,pulse,2,0,NA,NA
HS0147,0,66,10,5,2,continuous,5,1,NA,NA
HS0677,1,40,6,3,0,pulse,1,0,NA,NA
HS0148,0,66,10,5,2,continuous,1,1,NA,NA
HS0676,1,40,6,3,0,pulse,4,3,NA,NA
HS0149,0,66,10,5,2,continuous,3,1,NA,NA
HS0150,0,66,10,5,2,continuous,3,2,NA,NA
HS0675,0,66,10,5,2,continuous,2,0,NA,NA
HS0674,1,116,6,3,0,pulse,3,2,NA,NA
HS0673,0,66,10,5,2,continuous,2,0,NA,NA
HS0672,1,116,6,3,0,pulse,2,2,NA,NA
HS0671,0,66,10,5,2,continuous,2,2,NA,NA
HS0670,0,66,10,5,2,continuous,2,2,NA,NA
HS0839,1,116,6,3,0,pulse,1,2,NA,NA
HS0669,1,116,6,3,0,pulse,3,0,NA,NA
HS0668,1,116,6,3,0,pulse,2,2,NA,NA
HS0665,1,116,6,3,0,pulse,1,1,NA,NA
HS0664,1,116,6,3,0,pulse,1,1,NA,NA
HS0663,1,116,6,3,0,pulse,1,1,NA,NA
HS0662,0,8,11,0,0,pulse,1,1,NA,NA
HS0151,1,116,6,3,0,pulse,1,1,NA,NA
HS0152,1,116,6,3,0,pulse,2,2,NA,NA
HS0153,1,120,6,3,0,pulse,2,2,NA,NA
HS0154,1,120,6,3,0,pulse,1,1,NA,NA
HS0155,1,120,6,3,0,pulse,1,1,NA,NA
HS0156,1,120,6,3,0,pulse,4,4,NA,NA
HS0157,0,16,12,5,2,continuous,2,1,NA,NA
HS0158,0,16,12,5,2,continuous,3,3,NA,NA
HS0159,0,16,12,5,2,continuous,5,5,NA,NA
HS0160,0,16,12,5,2,continuous,2,1,NA,NA
HS0161,0,16,12,5,2,continuous,1,1,NA,NA
HS0162,0,16,12,5,2,continuous,3,3,NA,NA
HS0163,0,16,12,5,2,continuous,3,3,NA,NA
HS0164,0,16,12,5,2,continuous,4,4,NA,NA
HS0165,0,16,12,5,2,continuous,1,1,NA,NA
HS0166,0,16,12,5,2,continuous,1,0,NA,NA
HS0167,0,51,12,5,2,continuous,2,2,NA,NA
HS0168,0,51,12,5,2,continuous,2,2,NA,NA
HS0169,0,51,12,5,2,continuous,2,2,NA,NA
HS0170,0,51,12,5,2,continuous,2,2,NA,NA
HS0171,0,51,12,5,2,continuous,1,1,NA,NA
HS0172,0,51,12,5,2,continuous,1,1,NA,NA
HS0173,0,51,12,5,2,continuous,1,0,NA,NA
HS0174,0,51,12,5,2,continuous,1,0,NA,NA
HS0175,0,51,12,5,2,continuous,2,2,NA,NA
HS0176,0,51,12,5,2,continuous,2,2,NA,NA
HS0177,0,51,12,5,2,continuous,1,1,NA,NA
HS0178,0,51,12,5,2,continuous,1,1,NA,NA
HS0179,0,51,12,5,2,continuous,1,0,NA,NA
HS0180,0,51,12,5,2,continuous,1,0,NA,NA
HS0181,0,51,12,5,2,continuous,2,1,NA,NA
HS0182,0,51,12,5,2,continuous,2,1,NA,NA
HS0183,0,51,12,5,2,continuous,2,2,NA,NA
HS0184,0,51,12,5,2,continuous,2,2,NA,NA
HS0185,0,51,12,5,2,continuous,4,1,NA,NA
HS0186,0,51,12,5,2,continuous,4,1,NA,NA
HS0187,0,30,12,5,2,continuous,3,2,NA,NA
HS0188,0,30,12,5,2,continuous,3,2,NA,NA
HS0189,0,30,12,5,2,continuous,3,2,NA,NA
HS0190,0,30,12,5,2,continuous,3,2,NA,NA
HS0191,0,30,12,5,2,continuous,1,1,NA,NA
HS0192,0,30,12,5,2,continuous,1,1,NA,NA
HS0193,0,30,12,5,2,continuous,2,2,NA,NA
HS0194,0,30,12,5,2,continuous,2,2,NA,NA
HS0195,0,30,12,5,2,continuous,2,2,NA,NA
HS0196,0,30,12,5,2,continuous,2,2,NA,NA
HS0197,0,30,12,5,2,continuous,1,1,NA,NA
HS0198,0,30,12,5,2,continuous,1,1,NA,NA
HS0199,0,30,12,5,2,continuous,1,1,NA,NA
HS0200,0,30,12,5,2,continuous,1,1,NA,NA
HS0203,0,30,12,5,2,continuous,2,2,NA,NA
HS0204,0,30,12,5,2,continuous,2,2,NA,NA
HS0205,0,30,12,5,2,continuous,1,1,NA,NA
HS0206,0,30,12,5,2,continuous,1,1,NA,NA
HS0207,0,30,12,5,2,continuous,1,0,NA,NA
HS0208,0,30,12,5,2,continuous,1,0,NA,NA
HS0209,0,35,13,6,1,continuous,1,1,NA,NA
HS0210,0,35,13,6,1,continuous,2,2,NA,NA
HS0807,0,35,13,6,1,continuous,2,2,NA,NA
HS0806,0,35,13,6,1,continuous,2,2,NA,NA
HS0805,0,35,13,6,1,continuous,2,1,NA,NA
HS0804,0,35,13,6,1,continuous,2,1,NA,NA
HS0211,0,35,13,6,1,continuous,2,2,NA,NA
HS0803,0,35,13,6,1,continuous,2,2,NA,NA
HS0802,0,35,13,6,1,continuous,1,1,NA,NA
HS0212,0,35,13,6,1,continuous,2,2,NA,NA
HS0213,0,32,13,6,1,continuous,6,0,NA,NA
HS0801,0,32,13,6,1,continuous,2,0,NA,NA
HS0214,0,32,13,6,1,continuous,2,0,NA,NA
HS0800,0,32,13,6,1,continuous,2,0,NA,NA
HS0215,0,32,13,6,1,continuous,2,1,NA,NA
HS0216,0,32,13,6,1,continuous,2,2,NA,NA
HS0799,0,32,13,6,1,continuous,1,0,NA,NA
HS0217,0,32,13,6,1,continuous,1,1,NA,NA
HS0218,0,32,13,6,1,continuous,1,1,NA,NA
HS0219,0,32,13,6,1,continuous,1,1,NA,NA
HS0220,0,70,13,6,1,continuous,2,2,NA,NA
HS0221,0,70,13,6,1,continuous,1,1,NA,NA
HS0222,0,70,13,6,1,continuous,3,3,NA,NA
HS0223,0,70,13,6,1,continuous,1,1,NA,NA
HS0224,0,70,13,6,1,continuous,2,2,NA,NA
HS0225,0,70,13,6,1,continuous,8,8,NA,NA
HS0226,0,70,13,6,1,continuous,1,1,NA,NA
HS0227,0,70,13,6,1,continuous,1,1,NA,NA
HS0228,0,70,13,6,1,continuous,1,1,NA,NA
HS0229,0,70,13,6,1,continuous,1,1,NA,NA
HS0230,0,70,13,6,1,continuous,1,1,NA,NA
HS0231,0,70,13,6,1,continuous,3,3,NA,NA
HS0232,1,10,7,4,1,continuous,1,1,NA,NA
HS0233,1,10,7,4,1,continuous,2,2,NA,NA
HS0234,1,10,7,4,1,continuous,1,1,NA,NA
HS0235,1,10,7,4,1,continuous,1,1,NA,NA
HS0236,0,13,14,6,1,continuous,3,1,NA,NA
HS0237,1,10,7,4,1,continuous,1,1,NA,NA
HS0238,1,10,7,4,1,continuous,1,1,NA,NA
HS0239,0,13,14,6,1,continuous,1,1,NA,NA
HS0240,0,13,14,6,1,continuous,1,0,NA,NA
HS0241,1,10,7,4,1,continuous,1,1,NA,NA
HS0792,0,13,14,6,1,continuous,6,4,NA,NA
HS0791,1,10,7,4,1,continuous,3,3,NA,NA
HS0790,0,13,14,6,1,continuous,4,1,NA,NA
HS0789,0,13,14,6,1,continuous,1,0,NA,NA
HS0242,1,10,7,4,1,continuous,3,3,NA,NA
HS0243,0,13,14,6,1,continuous,6,0,NA,NA
HS0244,0,13,14,6,1,continuous,3,1,NA,NA
HS0245,0,13,14,6,1,continuous,1,1,NA,NA
HS0246,0,13,14,6,1,continuous,2,2,NA,NA
HS0247,0,112,14,6,1,continuous,1,1,NA,NA
HS0248,0,112,14,6,1,continuous,2,1,NA,NA
HS0249,0,112,14,6,1,continuous,1,0,NA,NA
HS0250,0,112,14,6,1,continuous,1,0,NA,NA
HS0251,0,112,14,6,1,continuous,1,1,NA,NA
HS0252,0,112,14,6,1,continuous,2,0,NA,NA
HS0253,0,112,14,6,1,continuous,1,0,NA,NA
HS0254,0,112,14,6,1,continuous,1,0,NA,NA
HS0255,0,112,14,6,1,continuous,2,0,NA,NA
HS0256,0,112,14,6,1,continuous,3,0,NA,NA
HS0257,0,42,14,6,1,continuous,1,1,NA,NA
HS0258,0,42,14,6,1,continuous,1,1,NA,NA
HS0259,0,42,14,6,1,continuous,2,2,NA,NA
HS0260,0,42,14,6,1,continuous,1,1,NA,NA
HS0261,0,42,14,6,1,continuous,1,1,NA,NA
HS0262,0,42,14,6,1,continuous,1,0,NA,NA
HS0263,0,42,14,6,1,continuous,1,1,NA,NA
HS0264,0,42,14,6,1,continuous,2,2,NA,NA
HS0265,0,42,14,6,1,continuous,2,2,NA,NA
HS0266,0,42,14,6,1,continuous,1,1,NA,NA
HS0267,0,93,15,6,1,continuous,1,1,NA,NA
HS0268,1,62,7,4,1,continuous,1,1,NA,NA
HS0269,1,62,7,4,1,continuous,3,3,NA,NA
HS0270,1,62,7,4,1,continuous,2,2,NA,NA
HS0779,1,62,7,4,1,continuous,3,2,NA,NA
HS0780,0,93,15,6,1,continuous,2,1,NA,NA
HS0271,0,93,15,6,1,continuous,1,0,NA,NA
HS0781,0,93,15,6,1,continuous,1,1,NA,NA
HS0272,0,93,15,6,1,continuous,3,2,NA,NA
HS0273,0,93,15,6,1,continuous,2,2,NA,NA
HS0274,0,93,15,6,1,continuous,1,0,NA,NA
HS0782,0,93,15,6,1,continuous,1,0,NA,NA
HS0275,0,93,15,6,1,continuous,1,1,NA,NA
HS0783,0,93,15,6,1,continuous,1,1,NA,NA
HS0276,0,31,15,6,1,continuous,1,1,NA,NA
HS0277,0,31,15,6,1,continuous,2,2,NA,NA
HS0784,0,31,15,6,1,continuous,3,1,NA,NA
HS0785,0,31,15,6,1,continuous,1,0,NA,NA
HS0278,0,31,15,6,1,continuous,2,2,NA,NA
HS0279,0,31,15,6,1,continuous,2,2,NA,NA
HS0786,0,31,15,6,1,continuous,2,1,NA,NA
HS0787,0,31,15,6,1,continuous,2,2,NA,NA
HS0280,0,31,15,6,1,continuous,2,2,NA,NA
HS0281,0,31,15,6,1,continuous,1,0,NA,NA
HS0282,0,124,15,6,1,continuous,4,4,NA,NA
HS0283,0,124,15,6,1,continuous,3,3,NA,NA
HS0284,0,124,15,6,1,continuous,2,1,NA,NA
HS0770,0,124,15,6,1,continuous,2,2,NA,NA
HS0285,0,124,15,6,1,continuous,2,2,NA,NA
HS0286,0,124,15,6,1,continuous,2,2,NA,NA
HS0287,0,124,15,6,1,continuous,1,1,NA,NA
HS0288,0,124,15,6,1,continuous,1,1,NA,NA
HS0289,0,124,15,6,1,continuous,2,1,NA,NA
HS0290,0,124,15,6,1,continuous,1,1,NA,NA
HS0769,0,124,15,6,1,continuous,2,2,NA,NA
HS0291,0,124,15,6,1,continuous,3,2,NA,NA
HS0772,1,88,7,4,1,continuous,3,1,NA,NA
HS0773,1,88,7,4,1,continuous,2,2,NA,NA
HS0292,0,90,16,6,1,continuous,3,3,NA,NA
HS0774,1,88,7,4,1,continuous,3,3,NA,NA
HS0293,0,90,16,6,1,continuous,2,1,NA,NA
HS0775,0,90,16,6,1,continuous,2,0,NA,NA
HS0294,0,90,16,6,1,continuous,1,1,NA,NA
HS0295,1,88,7,4,1,continuous,2,1,NA,NA
HS0776,0,90,16,6,1,continuous,1,1,NA,NA
HS0296,1,88,7,4,1,continuous,1,1,NA,NA
HS0777,0,90,16,6,1,continuous,1,1,NA,NA
HS0778,0,90,16,6,1,continuous,4,3,NA,NA
HS0297,1,88,7,4,1,continuous,2,2,NA,NA
HS0298,1,88,7,4,1,continuous,1,1,NA,NA
HS0771,0,90,16,6,1,continuous,2,2,NA,NA
HS0299,0,90,16,6,1,continuous,2,2,NA,NA
HS0751,0,90,16,6,1,continuous,6,6,NA,NA
HS0300,1,88,7,4,1,continuous,1,1,NA,NA
HS0752,1,88,7,4,1,continuous,2,1,NA,NA
HS0753,0,90,16,6,1,continuous,4,4,NA,NA
HS0754,0,80,16,6,1,continuous,1,0,NA,NA
HS0755,1,88,7,4,1,continuous,1,1,NA,NA
HS0756,0,80,16,6,1,continuous,2,2,NA,NA
HS0757,0,80,16,6,1,continuous,4,4,NA,NA
HS0758,0,80,16,6,1,continuous,2,2,NA,NA
HS0750,1,107,17,4,1,continuous,3,3,NA,NA
HS0749,0,80,16,6,1,continuous,2,2,NA,NA
HS0762,0,80,16,6,1,continuous,3,2,NA,NA
HS0759,0,80,16,6,1,continuous,3,2,NA,NA
HS0767,0,80,16,6,1,continuous,1,0,NA,NA
HS0763,0,80,16,6,1,continuous,1,0,NA,NA
HS0765,0,80,16,6,1,continuous,1,1,NA,NA
HS0761,0,80,16,6,1,continuous,1,1,NA,NA
HS0760,0,80,16,6,1,continuous,1,1,NA,NA
HS0766,1,107,17,4,1,continuous,1,1,NA,NA
HS0764,0,33,16,6,1,continuous,1,1,NA,NA
HS0768,1,107,17,4,1,continuous,1,1,NA,NA
HS0301,1,107,17,4,1,continuous,4,2,NA,NA
HS0302,0,33,16,6,1,continuous,1,0,NA,NA
HS0303,1,107,17,4,1,continuous,4,3,NA,NA
HS0304,0,33,16,6,1,continuous,2,2,NA,NA
HS0305,1,107,17,4,1,continuous,1,1,NA,NA
HS0306,0,33,16,6,1,continuous,1,1,NA,NA
HS0307,0,33,16,6,1,continuous,1,1,NA,NA
HS0308,0,33,16,6,1,continuous,2,2,NA,NA
HS0309,1,107,17,4,1,continuous,1,1,NA,NA
HS0310,0,33,16,6,1,continuous,2,2,NA,NA
HS0311,1,107,17,4,1,continuous,1,1,NA,NA
HS0312,1,107,17,4,1,continuous,2,2,NA,NA
HS0313,0,33,16,6,1,continuous,2,1,NA,NA
HS0314,0,33,16,6,1,continuous,2,2,NA,NA
HS0655,1,107,17,4,1,continuous,1,1,NA,NA
HS0315,0,33,16,6,1,continuous,1,0,NA,NA
HS0316,1,97,17,4,1,continuous,3,1,NA,NA
HS0654,0,33,16,6,1,continuous,1,0,NA,NA
HS0317,1,97,17,4,1,continuous,2,2,NA,NA
HS0653,1,97,17,4,1,continuous,1,1,NA,NA
HS0318,1,97,17,4,1,continuous,1,1,NA,NA
HS0652,1,97,17,4,1,continuous,2,1,NA,NA
HS0319,1,97,17,4,1,continuous,3,3,NA,NA
HS0320,1,97,17,4,1,continuous,1,1,NA,NA
HS0321,1,97,17,4,1,continuous,1,1,NA,NA
HS0651,1,97,17,4,1,continuous,2,1,NA,NA
HS0650,1,97,17,4,1,continuous,1,1,NA,NA
HS0649,1,62,17,4,1,continuous,1,1,NA,NA
HS0322,1,62,17,4,1,continuous,2,2,NA,NA
HS0323,1,62,17,4,1,continuous,2,2,NA,NA
HS0648,1,62,17,4,1,continuous,1,1,NA,NA
HS0324,1,62,17,4,1,continuous,1,1,NA,NA
HS0325,1,62,17,4,1,continuous,2,1,NA,NA
HS0647,1,62,17,4,1,continuous,1,1,NA,NA
HS0646,1,62,17,4,1,continuous,4,4,NA,NA
HS0326,1,62,17,4,1,continuous,3,2,NA,NA
HS0327,1,62,17,4,1,continuous,1,0,NA,NA
HS0328,2,119,18,7,3,continuous,1,0,NA,NA
HS0645,2,119,18,7,3,continuous,1,0,NA,NA
HS0644,2,119,18,7,3,continuous,1,0,NA,NA
HS0329,2,119,18,7,3,continuous,2,0,NA,NA
HS0330,2,119,18,7,3,continuous,2,0,NA,NA
HS0643,2,119,18,7,3,continuous,6,0,NA,NA
HS0642,2,119,18,7,3,continuous,3,0,NA,NA
HS0641,2,119,18,7,3,continuous,1,0,NA,NA
HS0640,2,119,18,7,3,continuous,1,1,NA,NA
HS0639,2,119,18,7,3,continuous,1,1,NA,NA
HS0638,2,24,18,7,3,continuous,2,2,NA,NA
HS0637,2,24,18,7,3,continuous,2,2,NA,NA
HS0636,2,24,18,7,3,continuous,2,2,NA,NA
HS0635,2,24,18,7,3,continuous,6,1,NA,NA
HS0634,1,28,19,3,0,pulse,1,0,NA,NA
HS0633,2,24,18,7,3,continuous,2,2,NA,NA
HS0632,2,24,18,7,3,continuous,1,1,NA,NA
HS0729,1,28,19,3,0,pulse,1,0,NA,NA
HS0730,2,24,18,7,3,continuous,4,3,NA,NA
HS0731,1,28,19,3,0,pulse,1,1,NA,NA
HS0732,2,24,18,7,3,continuous,1,0,NA,NA
HS0733,1,28,19,3,0,pulse,1,1,NA,NA
HS0734,2,24,18,7,3,continuous,3,2,NA,NA
HS0735,2,24,18,7,3,continuous,3,0,NA,NA
HS0736,2,114,18,7,3,continuous,2,2,NA,NA
HS0737,1,28,19,3,0,pulse,1,1,NA,NA
HS0738,1,28,19,3,0,pulse,5,2,NA,NA
HS0739,1,28,19,3,0,pulse,1,1,NA,NA
HS0740,2,114,18,7,3,continuous,2,2,NA,NA
HS0741,2,114,18,7,3,continuous,2,1,NA,NA
HS0742,1,28,19,3,0,pulse,1,1,NA,NA
HS0743,2,114,18,7,3,continuous,4,4,NA,NA
HS0744,2,114,18,7,3,continuous,3,1,NA,NA
HS0745,1,28,19,3,0,pulse,1,0,NA,NA
HS0746,1,28,19,3,0,pulse,1,0,NA,NA
HS0747,2,114,18,7,3,continuous,2,1,NA,NA
HS0748,2,114,18,7,3,continuous,3,1,NA,NA
HS0720,2,114,18,7,3,continuous,3,0,NA,NA
HS0721,1,28,19,3,0,pulse,1,0,NA,NA
HS0722,1,28,19,3,0,pulse,1,0,NA,NA
HS0723,2,114,18,7,3,continuous,1,1,NA,NA
HS0724,2,114,18,7,3,continuous,1,0,NA,NA
HS0725,1,28,19,3,0,pulse,1,1,NA,NA
HS0726,1,28,19,3,0,pulse,1,0,NA,NA
HS0727,1,56,19,3,0,pulse,1,1,NA,NA
HS0728,1,56,19,3,0,pulse,2,2,NA,NA
HS0719,1,56,19,3,0,pulse,1,1,NA,NA
HS0331,1,56,19,3,0,pulse,1,0,NA,NA
HS0332,1,56,19,3,0,pulse,2,2,NA,NA
HS0333,1,56,19,3,0,pulse,1,0,NA,NA
HS0334,1,56,19,3,0,pulse,2,2,NA,NA
HS0335,1,56,19,3,0,pulse,2,0,NA,NA
HS0336,1,56,19,3,0,pulse,2,2,NA,NA
HS0337,1,56,19,3,0,pulse,2,0,NA,NA
HS0338,1,69,20,4,1,continuous,5,5,NA,NA
HS0339,1,69,20,4,1,continuous,2,0,NA,NA
HS0340,1,69,20,4,1,continuous,2,1,NA,NA
HS0341,1,69,20,4,1,continuous,5,4,NA,NA
HS0342,1,69,20,4,1,continuous,2,2,NA,NA
HS0343,1,69,20,4,1,continuous,1,1,NA,NA
HS0344,1,69,20,4,1,continuous,1,0,NA,NA
HS0345,1,69,20,4,1,continuous,5,1,NA,NA
HS0346,1,69,20,4,1,continuous,4,2,NA,NA
HS0347,1,69,20,4,1,continuous,2,2,NA,NA
HS0348,1,123,20,4,1,continuous,2,1,NA,NA
HS0349,1,123,20,4,1,continuous,2,2,NA,NA
HS0350,1,123,20,4,1,continuous,2,2,NA,NA
HS0351,1,123,20,4,1,continuous,1,1,NA,NA
HS0352,1,123,20,4,1,continuous,1,1,NA,NA
HS0353,1,123,20,4,1,continuous,1,0,NA,NA
HS0354,1,123,20,4,1,continuous,2,1,NA,NA
HS0355,1,123,20,4,1,continuous,1,1,NA,NA
HS0356,1,123,20,4,1,continuous,2,1,NA,NA
HS0357,1,123,20,4,1,continuous,3,3,NA,NA
HS0358,1,58,20,4,1,continuous,1,1,NA,NA
HS0359,1,58,20,4,1,continuous,1,1,NA,NA
HS0360,1,58,20,4,1,continuous,1,1,NA,NA
HS0631,1,58,20,4,1,continuous,3,3,NA,NA
HS0630,1,58,20,4,1,continuous,1,1,NA,NA
HS0629,1,58,20,4,1,continuous,1,1,NA,NA
HS0628,1,58,20,4,1,continuous,1,1,NA,NA
HS0718,1,58,20,4,1,continuous,2,1,NA,NA
HS0717,1,58,20,4,1,continuous,3,1,NA,NA
HS0716,1,58,20,4,1,continuous,1,1,NA,NA
HS0715,2,18,21,7,3,continuous,4,3,NA,NA
HS0714,2,18,21,7,3,continuous,4,2,NA,NA
HS0713,2,18,21,7,3,continuous,4,3,NA,NA
HS0712,2,18,21,7,3,continuous,3,2,NA,NA
HS0711,2,18,21,7,3,continuous,3,2,NA,NA
HS0710,2,18,21,7,3,continuous,9,3,NA,NA
HS0840,2,18,21,7,3,continuous,4,2,NA,NA
HS0709,2,18,21,7,3,continuous,6,6,NA,NA
HS0841,2,18,21,7,3,continuous,3,2,NA,NA
HS0708,2,18,21,7,3,continuous,1,0,NA,NA
HS0707,2,55,21,7,3,continuous,4,3,NA,NA
HS0842,2,55,21,7,3,continuous,2,2,NA,NA
HS0706,2,55,21,7,3,continuous,6,4,NA,NA
HS0705,2,55,21,7,3,continuous,4,2,NA,NA
HS0843,2,55,21,7,3,continuous,1,0,NA,NA
HS0704,2,55,21,7,3,continuous,2,2,NA,NA
HS0703,2,55,21,7,3,continuous,4,4,NA,NA
HS0844,2,55,21,7,3,continuous,3,0,NA,NA
HS0702,2,55,21,7,3,continuous,2,2,NA,NA
HS0845,2,55,21,7,3,continuous,2,1,NA,NA
HS0701,2,37,21,7,3,continuous,3,1,NA,NA
HS0846,2,37,21,7,3,continuous,1,1,NA,NA
HS0700,2,37,21,7,3,continuous,1,1,NA,NA
HS0847,2,37,21,7,3,continuous,2,2,NA,NA
HS0699,2,37,21,7,3,continuous,1,1,NA,NA
HS0848,2,37,21,7,3,continuous,1,0,NA,NA
HS0849,2,37,21,7,3,continuous,4,3,NA,NA
HS0850,2,37,21,7,3,continuous,1,1,NA,NA
HS0688,2,37,21,7,3,continuous,2,0,NA,NA
HS0689,2,37,21,7,3,continuous,1,1,NA,NA
HS0851,1,120,6,3,0,pulse,1,1,NA,NA
HS0852,1,120,6,3,0,pulse,1,1,NA,NA
HS0690,1,120,6,3,0,pulse,1,1,NA,NA
HS0691,1,120,6,3,0,pulse,1,1,NA,NA
HS0853,1,39,22,4,1,continuous,2,2,NA,NA
HS0692,1,39,22,4,1,continuous,1,0,NA,NA
HS0854,1,39,22,4,1,continuous,2,1,NA,NA
HS0693,1,39,22,4,1,continuous,2,2,NA,NA
HS0855,1,39,22,4,1,continuous,3,3,NA,NA
HS0694,1,39,22,4,1,continuous,1,1,NA,NA
HS0856,1,39,22,4,1,continuous,2,2,NA,NA
HS0857,1,39,22,4,1,continuous,1,1,NA,NA
HS0695,1,39,22,4,1,continuous,2,0,NA,NA
HS0858,0,8,11,0,0,pulse,2,0,NA,NA
HS0696,1,39,22,4,1,continuous,2,2,NA,NA
HS0697,0,8,11,0,0,pulse,1,1,NA,NA
HS0859,1,14,22,4,1,continuous,2,2,NA,NA
HS0860,1,14,22,4,1,continuous,4,4,NA,NA
HS0861,0,8,11,0,0,pulse,1,1,NA,NA
HS0862,1,14,22,4,1,continuous,1,1,NA,NA
HS0863,1,14,22,4,1,continuous,2,2,NA,NA
HS0864,0,8,11,0,0,pulse,3,1,NA,NA
HS0865,1,14,22,4,1,continuous,2,2,NA,NA
HS0866,1,14,22,4,1,continuous,2,0,NA,NA
HS0867,0,8,11,0,0,pulse,1,1,NA,NA
HS0868,1,14,22,4,1,continuous,2,2,NA,NA
HS0869,0,8,11,0,0,pulse,1,0,NA,NA
HS0870,1,14,22,4,1,continuous,3,3,NA,NA
SH0871,0,8,11,0,0,pulse,2,1,NA,NA
SH0872,1,14,22,4,1,continuous,3,3,NA,NA
HS0873,0,8,11,0,0,pulse,1,0,NA,NA
SH0874,1,14,22,4,1,continuous,3,3,NA,NA
HS0875,0,8,11,0,0,pulse,2,2,NA,NA
SH0876,0,95,11,0,0,pulse,1,1,NA,NA
HS0621,0,95,11,0,0,pulse,2,1,NA,NA
HS0620,1,121,22,4,1,continuous,1,1,NA,NA
SH0777,1,121,22,4,1,continuous,1,1,NA,NA
HS0619,0,95,11,0,0,pulse,1,0,NA,NA
SH0778,0,95,11,0,0,pulse,1,0,NA,NA
HS0618,1,121,22,4,1,continuous,1,1,NA,NA
HS0617,1,121,22,4,1,continuous,1,1,NA,NA
HS0616,0,95,11,0,0,pulse,2,1,NA,NA
HS0615,1,121,22,4,1,continuous,2,0,NA,NA
HS0879,0,95,11,0,0,pulse,1,0,NA,NA
HS0880,1,121,22,4,1,continuous,2,1,NA,NA
HS0614,0,95,11,0,0,pulse,3,0,NA,NA
HS0613,1,121,22,4,1,continuous,1,1,NA,NA
HS0881,0,95,11,0,0,pulse,39,0,NA,NA
HS0611,0,95,11,0,0,pulse,1,0,NA,NA
HS0882,1,121,22,4,1,continuous,1,1,NA,NA
HS0610,0,95,11,0,0,pulse,1,1,NA,NA
HS0883,1,121,22,4,1,continuous,1,0,NA,NA
HS0609,1,121,22,4,1,continuous,2,1,NA,NA
HS0608,0,17,11,0,0,pulse,1,0,NA,NA
HS0884,0,17,11,0,0,pulse,4,0,NA,NA
HS0607,0,17,11,0,0,pulse,1,1,NA,NA
HS0885,0,17,11,0,0,pulse,1,0,NA,NA
HS0886,0,17,11,0,0,pulse,1,0,NA,NA
HS0887,0,17,11,0,0,pulse,1,0,NA,NA
HS0888,0,17,11,0,0,pulse,2,0,NA,NA
HS0889,0,17,11,0,0,pulse,2,2,NA,NA
HS0604,0,17,11,0,0,pulse,1,1,NA,NA
HS0890,0,17,11,0,0,pulse,2,2,NA,NA
HS0603,0,72,23,0,0,pulse,1,0,NA,NA
HS0891,0,72,23,0,0,pulse,3,0,NA,NA
HS0892,0,72,23,0,0,pulse,2,2,NA,NA
HS0602,0,72,23,0,0,pulse,1,0,NA,NA
HS0601,0,72,23,0,0,pulse,4,0,NA,NA
HS0893,0,72,23,0,0,pulse,1,0,NA,NA
HS0600,0,72,23,0,0,pulse,1,0,NA,NA
HS0894,0,72,23,0,0,pulse,3,0,NA,NA
HS0599,1,21,24,3,0,pulse,1,1,NA,NA
HS0895,1,21,24,3,0,pulse,3,1,NA,NA
HS0896,0,72,23,0,0,pulse,2,0,NA,NA
HS0598,1,21,24,3,0,pulse,2,2,NA,NA
HS0897,0,72,23,0,0,pulse,1,0,NA,NA
HS0597,1,21,24,3,0,pulse,1,0,NA,NA
HS0898,1,79,24,3,0,pulse,1,1,NA,NA
HS0901,1,79,24,3,0,pulse,1,1,NA,NA
HS0900,1,79,24,3,0,pulse,1,1,NA,NA
HS0902,0,92,23,0,0,pulse,1,1,NA,NA
HS0596,0,92,23,0,0,pulse,3,1,NA,NA
HS0903,1,79,24,3,0,pulse,1,1,NA,NA
HS0595,1,79,24,3,0,pulse,2,2,NA,NA
HS0594,0,92,23,0,0,pulse,1,0,NA,NA
HS0904,1,79,24,3,0,pulse,2,0,NA,NA
HS0899,0,92,23,0,0,pulse,1,1,NA,NA
HS0905,1,79,24,3,0,pulse,3,0,NA,NA
HS0593,0,92,23,0,0,pulse,1,0,NA,NA
HS0906,1,79,24,3,0,pulse,1,1,NA,NA
HS0592,1,79,24,3,0,pulse,2,2,NA,NA
HS0907,0,92,23,0,0,pulse,2,0,NA,NA
HS0591,1,79,24,3,0,pulse,2,2,NA,NA
HS0590,0,92,23,0,0,pulse,2,0,NA,NA
HS0908,0,92,23,0,0,pulse,1,0,NA,NA
HS0589,0,92,23,0,0,pulse,1,0,NA,NA
HS0909,0,92,23,0,0,pulse,1,0,NA,NA
HS0588,0,116,23,0,0,pulse,2,0,NA,NA
HS0910,1,78,24,3,0,pulse,1,1,NA,NA
HS0587,0,116,23,0,0,pulse,2,2,NA,NA
HS0911,1,78,24,3,0,pulse,1,1,NA,NA
HS0586,0,116,23,0,0,pulse,2,0,NA,NA
HS0912,0,116,23,0,0,pulse,1,0,NA,NA
HS0585,1,78,24,3,0,pulse,1,1,NA,NA
HS0913,1,78,24,3,0,pulse,2,1,NA,NA
HS0584,0,116,23,0,0,pulse,1,0,NA,NA
HS0914,1,78,24,3,0,pulse,2,2,NA,NA
HS0583,0,116,23,0,0,pulse,1,0,NA,NA
HS0916,1,78,24,3,0,pulse,2,2,NA,NA
HS0582,0,116,23,0,0,pulse,1,0,NA,NA
HS0915,0,116,23,0,0,pulse,2,2,NA,NA
HS0581,1,78,24,3,0,pulse,1,1,NA,NA
HS0917,0,116,23,0,0,pulse,1,0,NA,NA
HS0580,1,78,24,3,0,pulse,1,1,NA,NA
HS0918,0,116,23,0,0,pulse,1,0,NA,NA
HS0579,1,64,25,1,2,continuous,1,1,NA,NA
HS0919,1,64,25,1,2,continuous,1,0,NA,NA
HS0578,1,64,25,1,2,continuous,1,1,NA,NA
HS0577,1,22,26,3,0,pulse,3,2,NA,NA
HS0576,1,64,25,1,2,continuous,2,2,NA,NA
HS0920,1,22,26,3,0,pulse,1,1,NA,NA
HS0921,1,22,26,3,0,pulse,1,1,NA,NA
HS0922,1,64,25,1,2,continuous,2,2,NA,NA
HS0923,1,64,25,1,2,continuous,1,1,NA,NA
HS0924,1,64,25,1,2,continuous,1,2,NA,NA
HS0575,1,22,26,3,0,pulse,4,1,NA,NA
HS0574,1,64,25,1,2,continuous,2,0,NA,NA
HS0925,1,22,26,3,0,pulse,7,3,NA,NA
HS0573,1,64,25,1,2,continuous,2,0,NA,NA
HS0572,1,22,26,3,0,pulse,1,1,NA,NA
HS0926,1,22,26,3,0,pulse,1,0,NA,NA
HS0927,1,64,25,1,2,continuous,3,3,NA,NA
HS0571,1,22,26,3,0,pulse,3,3,NA,NA
HS0928,1,71,25,1,2,continuous,1,1,NA,NA
HS0570,1,22,26,3,0,pulse,2,2,NA,NA
HS0569,1,71,25,1,2,continuous,3,1,NA,NA
HS0568,1,22,26,3,0,pulse,2,0,NA,NA
HS0567,1,71,25,1,2,continuous,2,2,NA,NA
HS0930,1,22,26,3,0,pulse,3,1,NA,NA
HS0931,1,71,25,1,2,continuous,2,2,NA,NA
HS0932,1,22,26,3,0,pulse,2,0,NA,NA
HS0933,1,71,25,1,2,continuous,1,1,NA,NA
HS0934,1,22,26,3,0,pulse,2,0,NA,NA
HS0929,1,71,25,1,2,continuous,1,1,NA,NA
HS0935,1,22,26,3,0,pulse,2,0,NA,NA
HS0936,1,71,25,1,2,continuous,1,1,NA,NA
HS0937,1,22,26,3,0,pulse,2,2,NA,NA
HS0938,1,71,25,1,2,continuous,3,3,NA,NA
HS0939,1,22,26,3,0,pulse,2,2,NA,NA
HS0940,1,71,25,1,2,continuous,2,2,NA,NA
HS0941,1,22,26,3,0,pulse,1,0,NA,NA
HS0942,1,71,25,1,2,continuous,2,0,NA,NA
HS0943,1,22,26,3,0,pulse,1,1,NA,NA
HS0944,1,27,25,1,2,continuous,1,1,NA,NA
HS0945,1,22,26,3,0,pulse,1,0,NA,NA
HS0946,1,22,26,3,0,pulse,1,1,NA,NA
HS0947,1,65,26,3,0,pulse,3,2,NA,NA
HS0948,1,27,25,1,2,continuous,1,0,NA,NA
HS0949,1,27,25,1,2,continuous,1,1,NA,NA
HS0950,1,27,25,1,2,continuous,2,2,NA,NA
HS0951,1,27,25,1,2,continuous,3,2,NA,NA
HS0952,1,27,25,1,2,continuous,1,0,NA,NA
HS0953,1,65,26,3,0,pulse,1,1,NA,NA
HS0954,1,65,26,3,0,pulse,3,1,NA,NA
HS0956,1,27,25,1,2,continuous,1,1,NA,NA
HS0957,1,65,26,3,0,pulse,1,1,NA,NA
HS0958,1,65,26,3,0,pulse,3,3,NA,NA
HS0960,1,27,25,1,2,continuous,2,1,NA,NA
HS0961,1,27,25,1,2,continuous,9,1,NA,NA
HS0962,1,65,26,3,0,pulse,5,5,NA,NA
HS0963,1,27,25,1,2,continuous,11,2,NA,NA
HS0964,1,65,26,3,0,pulse,1,1,NA,NA
HS0361,1,65,26,3,0,pulse,2,2,NA,NA
HS0362,1,65,26,3,0,pulse,4,1,NA,NA
HS0965,1,65,26,3,0,pulse,3,3,NA,NA
HS0363,1,59,27,1,2,continuous,2,2,NA,NA
HS0364,1,59,27,1,2,continuous,4,0,NA,NA
HS0966,1,59,27,1,2,continuous,1,1,NA,NA
HS0365,1,59,27,1,2,continuous,1,1,NA,NA
HS0967,1,59,27,1,2,continuous,7,1,NA,NA
HS0366,1,59,27,1,2,continuous,4,4,NA,NA
HS0968,1,59,27,1,2,continuous,1,1,NA,NA
HS0367,1,59,27,1,2,continuous,1,1,NA,NA
HS0368,1,59,27,1,2,continuous,3,3,NA,NA
HS0369,1,59,27,1,2,continuous,12,3,NA,NA
HS0370,1,108,27,1,2,continuous,2,2,NA,NA
HS0969,1,108,27,1,2,continuous,3,3,NA,NA
HS0371,1,108,27,1,2,continuous,1,1,NA,NA
HS0372,1,108,27,1,2,continuous,1,1,NA,NA
HS0970,1,108,27,1,2,continuous,1,0,NA,NA
HS0373,1,108,27,1,2,continuous,4,4,NA,NA
HS0374,1,108,27,1,2,continuous,13,7,NA,NA
HS0971,1,108,27,1,2,continuous,36,1,NA,NA
HS0375,1,108,27,1,2,continuous,2,2,NA,NA
HS0972,1,108,27,1,2,continuous,1,1,NA,NA
HS0376,1,105,27,1,2,continuous,2,2,NA,NA
HS0973,1,105,27,1,2,continuous,2,2,NA,NA
HS0377,1,105,27,1,2,continuous,2,2,NA,NA
HS0974,1,105,27,1,2,continuous,1,1,NA,NA
HS0975,1,105,27,1,2,continuous,3,3,NA,NA
HS0976,1,105,27,1,2,continuous,1,1,NA,NA
HS0378,1,105,27,1,2,continuous,1,1,NA,NA
HS0977,1,105,27,1,2,continuous,1,1,NA,NA
HS0379,1,105,27,1,2,continuous,1,1,NA,NA
HS0380,1,105,27,1,2,continuous,1,1,NA,NA
HS0381,1,26,1,1,2,continuous,2,0,NA,NA
HS0978,1,26,1,1,2,continuous,3,2,NA,NA
HS0382,1,26,1,1,2,continuous,8,8,NA,NA
HS0979,1,26,1,1,2,continuous,1,0,NA,NA
HS0383,1,26,1,1,2,continuous,3,1,NA,NA
HS0384,2,99,28,8,2,continuous,12,5,NA,NA
HS0980,2,99,28,8,2,continuous,1,1,NA,NA
HS0982,1,26,1,1,2,continuous,2,1,NA,NA
HS0385,2,99,28,8,2,continuous,2,2,NA,NA
HS0386,2,99,28,8,2,continuous,5,5,NA,NA
HS0981,1,26,1,1,2,continuous,8,8,NA,NA
HS0983,2,99,28,8,2,continuous,4,2,NA,NA
HS0387,1,26,1,1,2,continuous,5,0,NA,NA
HS0984,2,99,28,8,2,continuous,6,0,NA,NA
HS0388,1,26,1,1,2,continuous,4,0,NA,NA
HS0389,2,99,28,8,2,continuous,2,0,NA,NA
HS0985,2,99,28,8,2,continuous,1,1,NA,NA
HS0390,2,99,28,8,2,continuous,1,0,NA,NA
HS0986,2,99,28,8,2,continuous,3,3,NA,NA
HS0987,1,122,1,1,2,continuous,3,3,NA,NA
HS0988,2,61,28,8,2,continuous,3,0,NA,NA
HS0989,2,61,28,8,2,continuous,1,0,NA,NA
HS0990,1,122,1,1,2,continuous,1,0,NA,NA
HS0991,2,61,28,8,2,continuous,3,2,NA,NA
HS0391,2,61,28,8,2,continuous,6,1,NA,NA
HS0992,1,122,1,1,2,continuous,1,1,NA,NA
HS0392,2,61,28,8,2,continuous,3,3,NA,NA
HS0993,1,122,1,1,2,continuous,2,1,NA,NA
HS0994,2,61,28,8,2,continuous,3,3,NA,NA
HS0393,1,122,1,1,2,continuous,1,1,NA,NA
HS0995,2,61,28,8,2,continuous,3,2,NA,NA
HS0394,1,122,1,1,2,continuous,1,1,NA,NA
HS0996,1,122,1,1,2,continuous,1,1,NA,NA
HS0395,1,122,1,1,2,continuous,1,0,NA,NA
HS0997,2,61,28,8,2,continuous,8,2,NA,NA
HS0396,1,122,1,1,2,continuous,3,3,NA,NA
HS0998,2,61,28,8,2,continuous,5,3,NA,NA
HS0397,2,61,28,8,2,continuous,2,1,NA,NA
HS0398,2,46,28,8,2,continuous,3,0,NA,NA
HS0399,1,122,1,1,2,continuous,4,2,NA,NA
HS0999,2,46,28,8,2,continuous,13,4,NA,NA
HS1000,2,46,28,8,2,continuous,2,2,NA,NA
HS0401,2,46,28,8,2,continuous,2,1,NA,NA
SH1001,1,4,1,1,2,continuous,2,1,NA,NA
HS0402,1,4,1,1,2,continuous,2,1,NA,NA
SH1002,2,46,28,8,2,continuous,3,2,NA,NA
SH1004,2,46,28,8,2,continuous,4,1,NA,NA
HS0403,1,4,1,1,2,continuous,3,3,NA,NA
SH1005,1,4,1,1,2,continuous,1,0,NA,NA
SH1006,2,46,28,8,2,continuous,5,1,NA,NA
HS0404,1,4,1,1,2,continuous,1,1,NA,NA
SH1007,2,46,28,8,2,continuous,3,3,NA,NA
HS0405,2,46,28,8,2,continuous,2,1,NA,NA
HS0406,1,4,1,1,2,continuous,7,7,NA,NA
HS0407,2,46,28,8,2,continuous,3,1,NA,NA
HS0408,1,4,1,1,2,continuous,1,1,NA,NA
HS0409,1,4,1,1,2,continuous,3,1,NA,NA
HS0410,1,4,1,1,2,continuous,7,7,NA,NA
SH1008,1,59,29,1,2,continuous,3,0,NA,NA
HS0411,1,59,29,1,2,continuous,2,2,NA,NA
SH1009,1,59,29,1,2,continuous,1,1,NA,NA
SH1010,2,47,30,8,2,continuous,1,0,NA,NA
HS0412,1,59,29,1,2,continuous,1,1,NA,NA
HS0413,2,47,30,8,2,continuous,1,1,NA,NA
SH1011,1,59,29,1,2,continuous,4,2,NA,NA
HS0414,1,59,29,1,2,continuous,1,1,NA,NA
SH1012,2,47,30,8,2,continuous,3,2,NA,NA
HS0415,1,59,29,1,2,continuous,1,1,NA,NA
SH1013,2,47,30,8,2,continuous,1,1,NA,NA
HS0416,1,59,29,1,2,continuous,1,1,NA,NA
SH1014,2,47,30,8,2,continuous,4,2,NA,NA
HS0417,1,59,29,1,2,continuous,1,1,NA,NA
SH1015,2,47,30,8,2,continuous,2,2,NA,NA
HS0418,1,59,29,1,2,continuous,1,0,NA,NA
SH1016,2,47,30,8,2,continuous,1,0,NA,NA
HS0419,2,47,30,8,2,continuous,1,0,NA,NA
SH1017,2,47,30,8,2,continuous,3,2,NA,NA
HS0420,1,68,29,1,2,continuous,1,1,NA,NA
SH1018,2,47,30,8,2,continuous,2,2,NA,NA
SH1019,1,68,29,1,2,continuous,1,0,NA,NA
SH1020,2,113,30,8,2,continuous,1,1,NA,NA
SH1021,1,68,29,1,2,continuous,2,2,NA,NA
SH1022,2,113,30,8,2,continuous,5,5,NA,NA
SH1023,1,68,29,1,2,continuous,1,1,NA,NA
SH1024,1,68,29,1,2,continuous,1,1,NA,NA
SH1025,2,113,30,8,2,continuous,1,1,NA,NA
SH1026,1,68,29,1,2,continuous,2,2,NA,NA
SH1027,1,68,29,1,2,continuous,1,1,NA,NA
SH1028,2,113,30,8,2,continuous,2,2,NA,NA
SH1029,1,68,29,1,2,continuous,3,3,NA,NA
SH1030,2,113,30,8,2,continuous,2,0,NA,NA
SH1031,2,113,30,8,2,continuous,2,2,NA,NA
SH1032,2,113,30,8,2,continuous,4,4,NA,NA
SH1033,2,113,30,8,2,continuous,2,2,NA,NA
SH1034,2,113,30,8,2,continuous,1,1,NA,NA
SH1035,2,113,30,8,2,continuous,1,1,NA,NA
SH1036,1,68,29,1,2,continuous,6,6,NA,NA
SH1037,2,41,30,8,2,continuous,1,1,NA,NA
SH1038,1,68,29,1,2,continuous,1,1,NA,NA
SH1039,1,110,29,1,2,continuous,6,3,NA,NA
HS1040,2,41,30,8,2,continuous,4,3,NA,NA
SH1041,2,41,30,8,2,continuous,2,0,NA,NA
HS1042,1,110,29,1,2,continuous,2,1,NA,NA
HS1043,2,41,30,8,2,continuous,2,2,NA,NA
HS1044,1,110,29,1,2,continuous,1,1,NA,NA
HS1045,2,41,30,8,2,continuous,1,1,NA,NA
HS1041,1,110,29,1,2,continuous,2,3,NA,NA
HS104,2,41,30,8,2,continuous,1,1,NA,NA
HS1751,1,110,29,1,2,continuous,6,6,NA,NA
HS1752,2,41,30,8,2,continuous,6,1,NA,NA
HS1753,1,110,29,1,2,continuous,2,2,NA,NA
HS1754,2,41,30,8,2,continuous,1,0,NA,NA
HS1755,1,110,29,1,2,continuous,2,2,NA,NA
HS1756,2,41,30,8,2,continuous,1,1,NA,NA
HS1757,1,110,29,1,2,continuous,1,0,NA,NA
HS1758,2,41,30,8,2,continuous,1,0,NA,NA
HS1759,1,110,29,1,2,continuous,7,7,NA,NA
HS1760,1,110,29,1,2,continuous,2,2,NA,NA
HS1761,1,87,31,1,2,continuous,4,4,NA,NA
HS1762,1,87,31,1,2,continuous,2,2,NA,NA
HS1763,1,87,31,1,2,continuous,1,1,NA,NA
HS1764,1,87,31,1,2,continuous,3,2,NA,NA
HS1765,1,87,31,1,2,continuous,1,1,NA,NA
HS1766,1,87,31,1,2,continuous,8,2,NA,NA
HS1767,1,87,31,1,2,continuous,1,0,NA,NA
HS1768,1,87,31,1,2,continuous,1,0,NA,NA
HS1769,1,87,31,1,2,continuous,1,1,NA,NA
HS1770,1,87,31,1,2,continuous,1,1,NA,NA
HS1771,1,23,31,1,2,continuous,2,2,2,2
HS1772,1,23,31,1,2,continuous,1,1,1,1
HS1773,1,23,31,1,2,continuous,2,2,2,2
HS1774,1,23,31,1,2,continuous,1,1,1,1
HS1775,1,23,31,1,2,continuous,1,1,1,1
HS1776,1,23,31,1,2,continuous,1,1,1,1
HS1777,1,23,31,1,2,continuous,2,2,2,2
HS1778,1,23,31,1,2,continuous,2,2,2,2
HS1779,1,23,31,1,2,continuous,1,1,1,1
HS1780,1,23,31,1,2,continuous,1,0,1,0
HS0421,1,89,31,1,2,continuous,1,1,1,1
HS0422,1,89,31,1,2,continuous,3,3,3,3
HS0423,1,89,31,1,2,continuous,1,1,1,1
HS0424,1,89,31,1,2,continuous,1,1,1,1
HS0425,1,89,31,1,2,continuous,2,2,2,2
HS0426,1,89,31,1,2,continuous,1,2,2,2
HS0427,1,89,31,1,2,continuous,1,1,1,1
HS0428,1,89,31,1,2,continuous,3,2,3,2
HS0429,1,89,31,1,2,continuous,2,2,2,2
HS0430,1,89,31,1,2,continuous,4,3,4,3
HS0431,1,82,32,9,3,continuous,1,0,0,0
HS0432,1,82,32,9,3,continuous,2,0,1,0
HS0433,1,82,32,9,3,continuous,3,2,2,2
HS0434,1,82,32,9,3,continuous,2,2,2,2
HS0435,1,82,32,9,3,continuous,2,2,2,2
HS0436,1,82,32,9,3,continuous,4,4,4,4
HS0437,1,82,32,9,3,continuous,2,0,3,0
HS0438,1,82,32,9,3,continuous,3,0,3,0
HS0439,1,82,32,9,3,continuous,3,3,3,3
HS0440,1,82,32,9,3,continuous,1,1,1,1
HS0441,1,25,32,9,3,continuous,3,3,3,3
HS0442,1,25,32,9,3,continuous,4,4,4,4
HS0443,1,25,32,9,3,continuous,1,1,1,1
HS0444,1,25,32,9,3,continuous,2,1,2,1
HS0445,1,25,32,9,3,continuous,2,2,2,2
HS0446,1,25,32,9,3,continuous,1,1,1,1
HS0447,1,25,32,9,3,continuous,2,2,2,2
HS0448,1,25,32,9,3,continuous,2,0,2,0
HS0449,1,25,32,9,3,continuous,1,1,1,1
HS0450,1,25,32,9,3,continuous,2,2,2,2
HS1782,1,0,32,9,3,continuous,2,2,2,2
HS0451,1,0,32,9,3,continuous,2,2,2,2
HS1781,1,0,32,9,3,continuous,1,1,1,1
HS0452,1,0,32,9,3,continuous,2,2,2,2
HS0453,1,0,32,9,3,continuous,2,2,2,2
HS0454,1,0,32,9,3,continuous,1,1,1,1
HS1810,1,0,32,9,3,continuous,1,0,1,0
HS0455,1,0,32,9,3,continuous,1,1,1,1
HS1809,1,0,32,9,3,continuous,1,1,1,1
HS0456,1,0,32,9,3,continuous,1,1,1,1
HS1783,2,86,33,10,0,pulse,1,0,1,0
HS0457,2,86,33,10,0,pulse,2,1,2,1
HS1784,2,86,33,10,0,pulse,1,0,1,0
HS0458,2,86,33,10,0,pulse,3,0,2,0
HS1786,2,86,33,10,0,pulse,2,2,2,2
HS0459,2,86,33,10,0,pulse,1,0,1,0
HS1785,2,86,33,10,0,pulse,1,0,1,0
HS0460,2,86,33,10,0,pulse,1,0,0,0
HS1787,2,86,33,10,0,pulse,1,0,0,0
HS1788,2,86,33,10,0,pulse,1,1,1,1
HS0461,2,83,33,10,0,pulse,3,0,3,0
HS1789,2,83,33,10,0,pulse,1,0,1,0
HS0462,2,83,33,10,0,pulse,2,0,2,0
HS1808,2,83,33,10,0,pulse,1,0,1,0
HS0463,2,83,33,10,0,pulse,2,0,2,0
HS1807,2,83,33,10,0,pulse,2,0,2,0
HS0464,2,83,33,10,0,pulse,2,0,2,0
HS1806,2,83,33,10,0,pulse,3,0,3,0
HS0465,2,83,33,10,0,pulse,2,0,1,0
HS0466,2,83,33,10,0,pulse,2,0,2,0
HS1805,2,103,33,10,0,pulse,2,0,2,0
HS0467,2,103,33,10,0,pulse,2,2,2,2
HS0468,2,103,33,10,0,pulse,1,0,0,0
HS1804,2,103,33,10,0,pulse,3,2,3,2
HS1803,2,103,33,10,0,pulse,1,0,1,0
HS0469,2,103,33,10,0,pulse,1,0,1,0
HS1802,2,103,33,10,0,pulse,7,1,7,1
HS1801,2,103,33,10,0,pulse,1,1,1,1
HS1800,2,103,33,10,0,pulse,1,0,1,0
HS0470,2,103,33,10,0,pulse,1,1,1,1
HS0471,1,125,34,9,3,continuous,9,1,9,1
HS1791,2,91,35,10,0,pulse,4,0,4,0
HS1790,1,125,34,9,3,continuous,2,2,2,2
HS1792,2,91,35,10,0,pulse,1,0,1,0
HS0472,2,91,35,10,0,pulse,3,2,3,2
HS1793,2,91,35,10,0,pulse,4,0,3,0
HS0473,1,125,34,9,3,continuous,1,1,1,1
HS1794,2,91,35,10,0,pulse,1,1,1,1
HS0474,1,125,34,9,3,continuous,2,2,2,2
HS0475,2,91,35,10,0,pulse,1,0,1,0
HS0476,1,125,34,9,3,continuous,1,1,1,1
HS1795,2,91,35,10,0,pulse,1,0,1,0
HS0477,1,125,34,9,3,continuous,1,0,1,0
HS1796,2,91,35,10,0,pulse,1,0,1,0
HS0478,1,125,34,9,3,continuous,1,1,1,1
HS1797,2,91,35,10,0,pulse,1,0,1,0
HS0479,1,125,34,9,3,continuous,2,0,2,0
HS1798,2,91,35,10,0,pulse,1,0,1,0
HS0480,1,125,34,9,3,continuous,1,1,1,1
HS1799,1,125,34,9,3,continuous,1,0,1,0
HS0481,2,2,35,10,0,pulse,1,1,1,1
HS0482,1,60,34,9,3,continuous,1,1,1,1
HS0483,2,2,35,10,0,pulse,5,0,5,0
HS0484,1,60,34,9,3,continuous,1,1,1,1
HS0485,2,2,35,10,0,pulse,1,1,1,1
HS0486,1,60,34,9,3,continuous,1,1,1,1
HS0487,2,2,35,10,0,pulse,2,0,2,0
HS0488,1,60,34,9,3,continuous,1,1,1,1
HS1812,2,2,35,10,0,pulse,3,0,3,0
HS0489,2,2,35,10,0,pulse,1,0,1,0
HS1811,1,60,34,9,3,continuous,2,2,2,2
HS0490,2,2,35,10,0,pulse,2,0,1,0
HS1813,2,2,35,10,0,pulse,1,0,0,0
HS0491,1,60,34,9,3,continuous,1,1,1,1
HS1820,1,60,34,9,3,continuous,1,1,1,1
HS1819,2,2,35,10,0,pulse,1,1,1,1
HS1818,1,60,34,9,3,continuous,1,1,1,1
HS0492,1,60,34,9,3,continuous,1,1,1,1
HS1817,1,60,34,9,3,continuous,1,1,1,1
HS1816,2,2,35,10,0,pulse,1,0,1,0
HS0493,2,50,35,10,0,pulse,3,0,5,0
HS0494,1,44,34,9,3,continuous,1,1,1,1
HS1815,1,44,34,9,3,continuous,2,2,2,2
HS0495,1,44,34,9,3,continuous,3,1,3,1
HS1814,2,50,35,10,0,pulse,3,0,3,0
HS0496,1,44,34,9,3,continuous,1,1,1,1
HS0497,2,50,35,10,0,pulse,1,0,1,0
HS0498,1,44,34,9,3,continuous,2,1,2,1
HS0499,2,50,35,10,0,pulse,1,1,1,1
HS1826,2,50,35,10,0,pulse,3,1,2,1
HS0500,2,50,35,10,0,pulse,6,0,5,0
HS1827,1,44,34,9,3,continuous,2,2,2,2
HS1750,2,50,35,10,0,pulse,4,3,4,3
HS1828,1,44,34,9,3,continuous,3,2,3,2
HS1749,2,50,35,10,0,pulse,2,0,2,0
HS1748,1,44,34,9,3,continuous,1,0,1,0
HS1829,2,50,35,10,0,pulse,3,1,3,1
HS1747,1,44,34,9,3,continuous,1,1,1,1
HS1746,2,50,35,10,0,pulse,2,0,0,0
HS1745,1,44,34,9,3,continuous,1,0,1,0
HS1830,2,84,36,10,0,pulse,5,0,5,0
HS1821,2,84,36,10,0,pulse,3,0,3,0
HS1744,2,84,36,10,0,pulse,4,0,4,0
HS1822,2,84,36,10,0,pulse,3,0,2,0
HS1823,2,84,36,10,0,pulse,3,0,1,0
HS1824,2,84,36,10,0,pulse,4,0,4,0
HS1743,2,84,36,10,0,pulse,7,2,6,2
HS1825,2,84,36,10,0,pulse,2,0,1,0
HS1742,1,48,37,9,3,continuous,1,0,1,0
HS1741,2,84,36,10,0,pulse,1,0,1,0
HS1845,1,48,37,9,3,continuous,1,0,1,0
HS1842,2,84,36,10,0,pulse,13,4,12,4
HS1843,1,48,37,9,3,continuous,1,0,1,0
HS1844,2,102,36,10,0,pulse,3,0,2,0
HS1840,1,48,37,9,3,continuous,2,1,2,1
HS1841,1,48,37,9,3,continuous,1,1,1,1
HS1839,1,48,37,9,3,continuous,1,1,1,1
HS1838,2,102,36,10,0,pulse,2,2,2,2
HS1837,1,48,37,9,3,continuous,2,1,2,1
HS1836,1,48,37,9,3,continuous,1,1,1,1
HS1711,2,102,36,10,0,pulse,1,0,1,0
HS1712,2,102,36,10,0,pulse,2,0,2,0
HS1713,1,48,37,9,3,continuous,2,2,2,2
HS1832,2,102,36,10,0,pulse,1,1,1,1
HS1714,1,48,37,9,3,continuous,3,1,3,1
HS1715,2,102,36,10,0,pulse,1,0,0,0
HS1833,2,102,36,10,0,pulse,1,1,1,1
HS1716,2,102,36,10,0,pulse,2,1,2,1
HS1835,2,102,36,10,0,pulse,3,2,2,2
HS1717,1,49,37,9,3,continuous,3,2,3,2
HS1718,2,102,36,10,0,pulse,2,0,2,0
HS1853,1,49,37,9,3,continuous,1,0,1,0
HS1834,2,74,36,10,0,pulse,4,2,4,2
HS1719,1,49,37,9,3,continuous,2,0,2,0
HS1852,2,74,36,10,0,pulse,1,0,1,0
HS1720,2,74,36,10,0,pulse,2,0,1,0
HS1851,1,49,37,9,3,continuous,3,0,3,0
HS1721,2,74,36,10,0,pulse,6,0,3,0
HS1850,2,74,36,10,0,pulse,1,0,1,0
HS1722,2,74,36,10,0,pulse,1,1,1,1
HS1848,1,49,37,9,3,continuous,1,0,1,0
HS1723,1,49,37,9,3,continuous,1,0,1,0
HS1724,2,74,36,10,0,pulse,2,0,2,0
HS1863,1,49,37,9,3,continuous,1,1,1,1
HS1725,1,49,37,9,3,continuous,1,1,1,1
HS1862,1,49,37,9,3,continuous,1,0,1,0
HS1726,2,74,36,10,0,pulse,2,1,1,1
HS1727,1,49,37,9,3,continuous,2,2,2,2
HS1861,2,74,36,10,0,pulse,4,0,4,0
HS1728,2,74,36,10,0,pulse,2,0,2,0
HS1860,1,106,37,9,3,continuous,1,1,1,1
HS1859,1,106,37,9,3,continuous,2,2,2,2
HS1729,1,106,37,9,3,continuous,1,1,1,1
HS1730,1,106,37,9,3,continuous,1,1,1,1
HS1858,1,106,37,9,3,continuous,2,2,2,2
HS1857,1,106,37,9,3,continuous,1,1,1,1
HS1732,1,106,37,9,3,continuous,1,1,1,1
HS1733,1,106,37,9,3,continuous,1,1,1,1
HS1856,1,106,37,9,3,continuous,1,1,1,1
HS1734,1,106,37,9,3,continuous,1,1,1,1
HS1855,2,54,38,11,1,continuous,2,0,2,0
HS1735,2,54,38,11,1,continuous,4,0,4,0
HS1854,2,54,38,11,1,continuous,4,0,4,0
HS1736,1,127,39,9,3,continuous,1,1,1,1
HS1737,2,54,38,11,1,continuous,2,0,2,0
HS1872,2,54,38,11,1,continuous,2,0,2,0
HS1738,1,127,39,9,3,continuous,1,1,1,1
HS1739,2,54,38,11,1,continuous,2,2,2,2
HS1871,1,127,39,9,3,continuous,1,1,1,1
HS1740,2,54,38,11,1,continuous,4,0,4,0
HS1870,2,54,38,11,1,continuous,1,1,1,1
HS1869,1,127,39,9,3,continuous,1,1,1,1
HS1868,1,127,39,9,3,continuous,2,2,2,2
HS1867,2,54,38,11,1,continuous,3,0,3,0
HS1866,1,127,39,9,3,continuous,3,3,3,3
HS1864,2,54,38,11,1,continuous,1,0,1,0
HS1849,1,127,39,9,3,continuous,1,1,1,1
HS1701,2,12,38,11,1,continuous,2,2,2,2
HS1702,1,127,39,9,3,continuous,2,1,2,1
HS1847,2,12,38,11,1,continuous,1,1,1,1
HS1703,1,127,39,9,3,continuous,1,0,1,0
HS1846,2,12,38,11,1,continuous,1,1,1,1
HS1704,2,12,38,11,1,continuous,2,0,1,0
HS1902,1,116,39,9,3,continuous,3,2,2,2
HS1705,2,12,38,11,1,continuous,1,1,1,1
HS1901,1,116,39,9,3,continuous,1,1,1,1
HS1706,2,12,38,11,1,continuous,1,0,0,0
HS1900,2,12,38,11,1,continuous,7,4,7,4
HS1899,1,116,39,9,3,continuous,2,1,2,1
HS1707,2,12,38,11,1,continuous,5,0,5,0
HS1708,1,116,39,9,3,continuous,1,1,1,1
HS1898,1,116,39,9,3,continuous,2,2,2,2
HS1709,2,12,38,11,1,continuous,2,1,2,1
HS1710,2,12,38,11,1,continuous,1,1,1,1
HS1691,1,116,39,9,3,continuous,2,2,2,2
HS1897,1,116,39,9,3,continuous,1,1,1,1
HS1896,2,6,38,11,1,continuous,2,1,2,1
HS1895,2,6,38,11,1,continuous,4,2,3,2
HS1894,1,116,39,9,3,continuous,2,1,2,1
HS1893,2,6,38,11,1,continuous,4,3,3,3
HS1692,1,116,39,9,3,continuous,5,5,5,5
HS1892,2,6,38,11,1,continuous,3,3,3,3
HS1693,1,116,39,9,3,continuous,2,2,2,2
HS1891,2,6,38,11,1,continuous,4,2,4,2
HS1694,2,6,38,11,1,continuous,4,4,4,4
HS1890,1,126,39,9,3,continuous,3,3,3,3
HS1695,2,6,38,11,1,continuous,2,2,2,2
HS1889,2,6,38,11,1,continuous,2,1,1,1
HS1696,1,126,39,9,3,continuous,3,2,2,2
HS1697,2,6,38,11,1,continuous,2,1,2,1
HS1888,1,126,39,9,3,continuous,1,1,1,1
HS1698,1,126,39,9,3,continuous,2,2,2,2
HS1887,1,126,39,9,3,continuous,2,1,2,1
HS1886,1,126,39,9,3,continuous,2,1,2,1
HS1699,1,126,39,9,3,continuous,1,1,1,1
HS1885,1,126,39,9,3,continuous,1,1,1,1
HS1700,1,126,39,9,3,continuous,1,1,1,1
HS1681,1,126,39,9,3,continuous,5,1,5,1
HS1884,2,75,40,11,1,continuous,4,4,4,4
HS1883,2,75,40,11,1,continuous,3,1,3,1
HS1882,1,100,41,9,3,continuous,1,1,1,1
HS1683,2,75,40,11,1,continuous,1,0,0,0
HS1881,1,100,41,9,3,continuous,2,2,2,2
HS1880,2,75,40,11,1,continuous,4,0,3,0
HS1684,1,100,41,9,3,continuous,1,1,1,1
HS1879,2,75,40,11,1,continuous,1,0,1,0
HS1685,1,100,41,9,3,continuous,2,1,1,1
HS1878,2,75,40,11,1,continuous,1,0,1,0
HS1877,1,100,41,9,3,continuous,4,3,4,3
HS1686,1,100,41,9,3,continuous,1,1,1,1
HS1876,2,75,40,11,1,continuous,4,2,3,2
HS1687,2,75,40,11,1,continuous,1,1,1,1
HS1688,1,100,41,9,3,continuous,1,1,1,1
HS1875,2,75,40,11,1,continuous,2,2,2,2
HS1689,2,75,40,11,1,continuous,4,2,2,2
HS1690,2,120,40,11,1,continuous,2,2,2,2
HS1651,1,100,41,9,3,continuous,1,1,1,1
HS1652,1,100,41,9,3,continuous,1,0,1,0
HS1653,1,100,41,9,3,continuous,6,1,6,1
HS1654,1,109,41,9,3,continuous,1,0,1,0
HS1655,1,109,41,9,3,continuous,1,1,1,1
HS1656,2,120,40,11,1,continuous,2,1,2,1
HS1657,1,109,41,9,3,continuous,1,1,1,1
HS1659,2,120,40,11,1,continuous,3,1,2,1
HS1658,1,109,41,9,3,continuous,2,2,2,2
HS1660,2,120,40,11,1,continuous,1,0,1,0
HS1661,1,109,41,9,3,continuous,1,1,1,1
HS1662,2,120,40,11,1,continuous,2,0,2,0
HS1663,1,109,41,9,3,continuous,1,1,1,1
HS1664,2,120,40,11,1,continuous,2,2,2,2
HS1665,2,120,40,11,1,continuous,2,1,2,1
HS1666,1,109,41,9,3,continuous,1,1,1,1
HS1667,2,120,40,11,1,continuous,1,1,1,1
HS1668,1,109,41,9,3,continuous,1,0,1,0
HS1669,1,109,41,9,3,continuous,1,1,1,1
HS1670,2,120,40,11,1,continuous,3,2,3,2
HS1671,1,109,41,9,3,continuous,1,0,1,0
HS1672,2,120,40,11,1,continuous,6,4,6,4
HS1674,2,36,40,11,1,continuous,2,2,2,2
HS1675,1,9,41,9,3,continuous,2,2,2,2
HS1676,1,9,41,9,3,continuous,1,1,1,1
HS1677,1,9,41,9,3,continuous,2,0,2,0
HS1678,2,36,40,11,1,continuous,1,1,1,1
HS1679,1,9,41,9,3,continuous,1,1,1,1
HS1680,1,9,41,9,3,continuous,1,1,1,1
HS1641,2,36,40,11,1,continuous,2,2,2,2
HS1642,1,9,41,9,3,continuous,3,3,3,3
HS1643,2,36,40,11,1,continuous,5,3,5,3
HS1644,1,9,41,9,3,continuous,2,1,2,1
HS1645,1,9,41,9,3,continuous,1,1,1,1
HS1646,2,36,40,11,1,continuous,2,2,2,2
HS1647,1,9,41,9,3,continuous,2,2,2,2
HS1648,2,36,40,11,1,continuous,2,1,2,1
HS1649,2,36,40,11,1,continuous,3,1,3,1
HS1650,1,9,41,9,3,continuous,2,1,1,1
HS1631,2,36,40,11,1,continuous,2,0,0,0
HS1632,2,36,40,11,1,continuous,3,1,3,1
HS1633,2,36,40,11,1,continuous,3,3,3,3
HS1634,2,43,42,11,1,continuous,1,1,1,1
HS1635,2,43,42,11,1,continuous,3,0,1,0
HS1636,2,43,42,11,1,continuous,1,0,0,0
HS1637,2,43,42,11,1,continuous,1,0,1,0
HS1638,2,43,42,11,1,continuous,1,0,1,0
HS1639,2,43,42,11,1,continuous,2,0,1,0
HS1640,2,43,42,11,1,continuous,2,2,2,2
HS1621,2,43,42,11,1,continuous,3,1,3,1
HS1622,2,43,42,11,1,continuous,1,1,1,1
HS1623,2,43,42,11,1,continuous,2,1,2,1
HS1624,2,104,42,11,1,continuous,2,0,2,0
HS1625,2,104,42,11,1,continuous,2,2,2,2
HS1626,2,104,42,11,1,continuous,1,0,1,0
HS1627,2,104,42,11,1,continuous,4,1,1,1
HS1628,2,104,42,11,1,continuous,2,0,2,0
HS1629,2,104,42,11,1,continuous,3,2,3,2
HS1630,2,104,42,11,1,continuous,3,2,3,2
HS1591,2,104,42,11,1,continuous,2,0,2,0
HS1592,2,104,42,11,1,continuous,2,1,1,1
HS1593,2,104,42,11,1,continuous,1,0,1,0
HS1594,2,5,42,11,1,continuous,1,0,0,0
HS1595,2,5,42,11,1,continuous,1,0,1,0
HS1596,2,5,42,11,1,continuous,2,1,2,1
HS1597,2,5,42,11,1,continuous,2,2,2,2
HS1598,2,5,42,11,1,continuous,1,0,1,0
HS1599,2,5,42,11,1,continuous,8,3,8,3
HS1600,2,5,42,11,1,continuous,3,2,3,2
HS1601,2,5,42,11,1,continuous,2,2,2,2
HS1602,2,5,42,11,1,continuous,2,2,2,2
HS1603,2,5,42,11,1,continuous,1,1,1,1
HS1604,2,38,43,11,1,continuous,2,1,1,1
HS1605,2,38,43,11,1,continuous,1,1,1,1
HS1606,2,38,43,11,1,continuous,2,1,2,1
HS1607,2,38,43,11,1,continuous,11,3,11,3
HS1608,2,38,43,11,1,continuous,6,2,6,2
HS1609,2,38,43,11,1,continuous,2,1,2,1
HS1610,2,38,43,11,1,continuous,2,2,2,2
HS1611,2,38,43,11,1,continuous,3,2,3,2
HS1612,2,38,43,11,1,continuous,6,1,6,1
HS1613,2,38,43,11,1,continuous,2,2,2,2
HS1614,2,1,43,11,1,continuous,5,5,5,5
HS1615,2,1,43,11,1,continuous,3,2,3,2
HS1616,2,1,43,11,1,continuous,3,3,3,3
HS1617,2,1,43,11,1,continuous,3,3,3,3
HS1618,2,1,43,11,1,continuous,3,1,3,1
HS1619,2,1,43,11,1,continuous,1,1,1,1
HS1620,2,1,43,11,1,continuous,2,2,2,2
HS1561,2,1,43,11,1,continuous,2,1,2,1
HS1562,2,1,43,11,1,continuous,2,1,2,1
HS1563,2,1,43,11,1,continuous,3,0,3,0
HS1564,2,99,43,11,1,continuous,2,0,2,0
HS1565,2,99,43,11,1,continuous,2,2,2,2
HS1566,2,99,43,11,1,continuous,1,1,1,1
HS1567,2,99,43,11,1,continuous,1,0,1,0
HS1568,2,99,43,11,1,continuous,2,0,2,0
HS1569,2,99,43,11,1,continuous,1,0,1,0
HS1570,2,99,43,11,1,continuous,1,1,1,1
HS1571,2,99,43,11,1,continuous,1,1,1,1
HS1572,2,99,43,11,1,continuous,5,3,5,3
HS1573,2,99,43,11,1,continuous,3,3,3,3
HS1574,2,94,44,8,2,continuous,1,1,1,1
HS1575,2,94,44,8,2,continuous,2,0,2,0
HS1576,2,94,44,8,2,continuous,1,0,1,0
HS1577,2,94,44,8,2,continuous,6,2,6,2
HS1578,2,94,44,8,2,continuous,6,3,6,3
HS1579,2,94,44,8,2,continuous,2,0,2,0
HS1580,2,94,44,8,2,continuous,3,2,3,2
HS1581,2,94,44,8,2,continuous,2,2,2,2
HS1582,2,94,44,8,2,continuous,2,1,2,1
HS1583,2,94,44,8,2,continuous,1,1,1,1
HS1584,2,57,44,8,2,continuous,1,1,1,1
HS1585,2,57,44,8,2,continuous,1,1,1,1
HS1586,2,57,44,8,2,continuous,2,1,1,1
HS1587,2,57,44,8,2,continuous,1,1,1,1
HS1588,2,57,44,8,2,continuous,2,1,2,1
HS1589,2,57,44,8,2,continuous,5,1,5,1
HS1590,2,57,44,8,2,continuous,1,1,1,1
,2,57,44,8,2,continuous,2,2,2,2
,2,57,44,8,2,continuous,4,4,4,4
,2,57,44,8,2,continuous,3,3,3,3
,2,7,44,8,2,continuous,2,2,2,2
,2,7,44,8,2,continuous,2,2,2,2
,2,7,44,8,2,continuous,2,0,0,0
,2,7,44,8,2,continuous,1,1,1,1
,2,7,44,8,2,continuous,7,3,7,3
,2,7,44,8,2,continuous,1,1,1,1
,2,7,44,8,2,continuous,2,2,2,2
,2,7,44,8,2,continuous,2,1,2,1
,2,7,44,8,2,continuous,3,2,2,2
,2,7,44,8,2,continuous,2,1,2,1
,2,77,45,8,2,continuous,8,3,8,3
,2,77,45,8,2,continuous,4,0,4,0
,2,77,45,8,2,continuous,3,2,3,2
,2,77,45,8,2,continuous,4,0,4,0
,2,77,45,8,2,continuous,4,1,4,1
,2,77,45,8,2,continuous,4,2,3,2
,2,77,45,8,2,continuous,2,1,2,1
,2,77,45,8,2,continuous,6,5,5,5
,2,77,45,8,2,continuous,2,2,2,2
,2,77,45,8,2,continuous,4,2,3,2
,2,117,45,8,2,continuous,1,1,1,1
,2,117,45,8,2,continuous,4,1,3,1
,2,117,45,8,2,continuous,2,1,2,1
,2,117,45,8,2,continuous,2,2,2,2
,2,117,45,8,2,continuous,6,0,0,0
,2,117,45,8,2,continuous,4,2,4,2
,2,117,45,8,2,continuous,1,0,1,0
,2,117,45,8,2,continuous,2,1,2,1
,2,117,45,8,2,continuous,3,2,3,2
,2,117,45,8,2,continuous,2,0,1,0
,2,118,45,8,2,continuous,3,2,3,2
,2,118,45,8,2,continuous,3,2,3,2
,2,118,45,8,2,continuous,3,2,3,2
,2,118,45,8,2,continuous,3,2,3,2
,2,118,45,8,2,continuous,1,0,1,0
,2,118,45,8,2,continuous,1,0,1,0
,2,118,45,8,2,continuous,3,0,1,0
,2,118,45,8,2,continuous,3,0,1,0
,2,118,45,8,2,continuous,2,2,2,2
,2,118,45,8,2,continuous,2,2,2,2
,2,118,45,8,2,continuous,1,1,1,1
,2,118,45,8,2,continuous,1,1,1,1
,2,118,45,8,2,continuous,1,1,1,1
,2,118,45,8,2,continuous,1,1,1,1
,2,118,45,8,2,continuous,6,1,6,1
,2,118,45,8,2,continuous,6,1,6,1
,2,118,45,8,2,continuous,2,2,2,2
,2,118,45,8,2,continuous,2,2,2,2
,2,118,45,8,2,continuous,3,3,3,3
,2,118,45,8,2,continuous,3,3,3,3
,2,118,45,8,2,continuous,6,1,6,1
,2,118,45,8,2,continuous,6,1,6,1