household_ID,campaign_type,Strategy,RegionName.y,district,ward,village,sub_village,dog_total,number_dogs_seen,owner_recall_vacc,owner_recall_vacc_no,owner_recall_not_vacc_no,vacc_card_status,microchip_scanned_dogs_yes,microchip_scanned_dogs_no,vacc_dog_no_chip_status,dogs_vacc_cert,,variable,meaning
RCT1017,continuous,1,Mara,1,4,7,108,2,2,0,NA,2,,0,NA,,NA,,dog_total,total number of dog at the household
RCT1019,continuous,1,Mara,1,4,7,108,1,1,0,NA,1,,0,NA,,NA,,number_dogs_seen,number of dogs seen during the HH survey
RCT1020,continuous,1,Mara,1,4,7,108,2,0,1,2,0,1,0,NA,no,2,,owner_recall_vacc,whether the owner remember if dogs were vaccinated (1) or not (0)
RCT1021,continuous,1,Mara,1,4,7,108,4,0,0,NA,4,,0,NA,,NA,,owner_recall_vacc_no,the number of dogs that the owner remember were vaccinated
RCT1023,continuous,1,Mara,1,4,7,108,3,2,1,3,0,1,2,NA,no,3,,owner_recall_not_vacc_no,the number of dogs that the owner remember were not vaccinated
RCT1024,continuous,1,Mara,1,4,7,108,2,2,0,NA,2,,0,NA,,NA,,vacc_card_status,whether the vaccination card (s) is (are) available (1) or not (0)
RCT1013,continuous,1,Mara,1,4,7,75,2,2,0,NA,2,,0,NA,,NA,,microchip_scanned_dogs_yes,number of dogs scanned and have microchips
RCT1012,continuous,1,Mara,1,4,7,75,2,2,1,1,1,1,1,NA,no,1,,microchip_scanned_dogs_no,number of dogs scanned and have no microchips
RCT1009,continuous,1,Mara,1,4,7,75,1,1,1,1,0,1,1,NA,no,1,,vacc_dog_no_chip_status,number of dogs vaccinated (with certificates) but have no microchips
RCT1008,continuous,1,Mara,1,4,7,75,3,3,1,3,0,1,3,NA,no,3,,dogs_vacc_cert,number of dogs with vaccination cards
RCT1007,continuous,1,Mara,1,4,7,75,2,2,1,2,0,1,2,NA,no,2,,,
RCT1006,continuous,1,Mara,1,4,7,75,1,1,0,NA,1,,0,NA,,NA,,,
RCT1005,continuous,1,Mara,1,4,7,75,3,3,1,3,0,1,1,2,yes,3,,,
RCT1014,continuous,1,Mara,1,4,7,75,2,2,1,1,1,1,1,NA,no,1,,,
RCT1003,continuous,1,Mara,1,4,7,7,5,5,1,1,4,1,1,NA,no,1,,,
RCT1002,continuous,1,Mara,1,4,7,7,6,6,1,1,5,1,1,NA,no,1,,,
RCT1001,continuous,1,Mara,1,4,7,7,2,2,1,2,0,1,2,NA,no,2,,,
HS1903,continuous,1,Mara,1,4,7,7,3,3,1,3,0,1,3,NA,no,3,,,
HS1904,continuous,1,Mara,1,4,7,7,3,3,1,3,0,1,3,NA,no,3,,,
HS1906,continuous,1,Mara,1,4,7,7,1,1,1,1,0,1,1,NA,no,1,,,
HS1907,continuous,1,Mara,1,4,7,7,3,3,1,1,2,1,1,NA,no,1,,,
HS1908,continuous,1,Mara,1,4,7,7,1,1,1,1,0,1,1,NA,no,1,,,
HS1910,continuous,1,Mara,1,4,17,87,2,2,1,5,0,1,2,NA,no,2,,,
HS1918,continuous,1,Mara,1,4,17,87,3,3,1,1,2,1,1,NA,no,1,,,
HS1934,continuous,1,Mara,1,4,17,57,1,1,1,1,0,1,1,NA,no,1,,,
HS1935,continuous,1,Mara,1,4,17,57,1,1,0,NA,1,,0,NA,,NA,,,
HS1937,continuous,1,Mara,1,4,17,57,3,3,1,2,1,1,2,NA,no,2,,,
HS1938,continuous,1,Mara,1,4,17,57,2,2,1,2,0,1,2,NA,no,2,,,
HS1919,continuous,1,Mara,1,4,17,104,2,1,1,2,0,1,0,NA,no,2,,,
HS1920,continuous,1,Mara,1,4,17,104,2,2,1,1,1,1,1,NA,no,1,,,
HS1922,continuous,1,Mara,1,4,17,104,4,4,0,NA,4,,0,NA,,NA,,,
HS1923,continuous,1,Mara,1,4,17,104,5,5,1,1,4,1,1,NA,no,1,,,
HS1924,continuous,1,Mara,1,4,17,104,2,2,1,2,0,1,2,NA,no,0,,,
HS1925,continuous,1,Mara,1,4,17,104,2,2,1,2,0,1,2,NA,no,2,,,
HS1926,continuous,1,Mara,1,4,17,104,1,1,1,1,0,1,1,NA,no,1,,,
HS1927,continuous,1,Mara,1,4,17,104,1,1,0,NA,1,,0,NA,,NA,,,
HS1928,continuous,1,Mara,1,4,17,104,2,2,1,0,2,1,0,NA,no,2,,,
HS1939,continuous,1,Mara,1,4,20,62,2,2,1,2,0,1,2,NA,no,2,,,
HS1941,continuous,1,Mara,1,4,20,62,2,2,1,2,0,1,0,NA,no,2,,,
HS1942,continuous,1,Mara,1,4,20,62,1,0,1,1,0,1,0,NA,no,1,,,
HS1943,continuous,1,Mara,1,4,20,62,3,2,1,3,0,1,2,NA,no,3,,,
HS1944,continuous,1,Mara,1,4,20,62,2,2,1,0,2,0,0,NA,no,2,,,
HS1945,continuous,1,Mara,1,4,20,62,2,1,1,1,1,1,1,NA,no,1,,,
HS1946,continuous,1,Mara,1,4,20,62,7,7,1,1,6,1,1,NA,no,1,,,
HS1947,continuous,1,Mara,1,4,20,62,6,4,1,3,3,1,3,NA,no,3,,,
HS1948,continuous,1,Mara,1,4,20,62,4,2,0,NA,4,,0,NA,,NA,,,
HS1950,continuous,1,Mara,1,4,20,86,2,2,1,2,0,1,2,NA,no,2,,,
HS1951,continuous,1,Mara,1,4,20,86,2,1,1,3,0,1,1,NA,no,3,,,
HS1949,continuous,1,Mara,1,4,20,86,2,2,0,NA,2,,0,NA,,NA,,,
HS1963,continuous,1,Mara,1,4,20,86,1,1,1,1,0,1,1,NA,no,1,,,
HS1962,continuous,1,Mara,1,4,20,86,3,3,1,2,1,1,2,NA,no,1,,,
HS1961,continuous,1,Mara,1,4,20,86,1,1,1,1,0,1,1,NA,no,1,,,
HS1964,continuous,1,Mara,1,4,20,86,1,1,1,1,0,1,1,NA,no,1,,,
HS1966,continuous,1,Mara,1,4,20,86,1,1,1,1,0,1,0,NA,no,1,,,
HS1965,continuous,1,Mara,1,4,20,86,5,5,1,3,2,1,3,NA,no,3,,,
HS1874,continuous,1,Mara,1,4,20,86,3,3,1,2,1,1,2,1,yes,3,,,
HS1873,continuous,1,Mara,1,4,20,86,4,2,1,2,2,1,0,NA,no,0,,,
HS1953,continuous,1,Mara,1,4,20,86,1,1,1,1,0,1,1,NA,no,1,,,
HS1954,continuous,1,Mara,1,4,20,86,1,1,1,1,0,1,0,NA,no,1,,,
HS1955,continuous,1,Mara,1,4,20,86,10,10,0,NA,10,,0,NA,,NA,,,
HS1956,continuous,1,Mara,1,4,20,86,1,1,0,NA,1,,0,NA,,NA,,,
HS1957,continuous,1,Mara,1,4,20,86,1,1,1,1,0,1,1,NA,no,1,,,
HS1958,continuous,1,Mara,1,4,20,86,2,2,1,1,1,1,1,NA,no,1,,,
HS1976,continuous,1,Mara,1,4,22,55,2,1,1,2,0,1,0,NA,no,0,,,
HS1974,continuous,1,Mara,1,4,22,55,1,1,0,NA,1,,0,NA,,NA,,,
HS1973,continuous,1,Mara,1,4,22,55,1,1,1,1,0,1,0,NA,no,1,,,
HS1972,continuous,1,Mara,1,4,22,55,1,1,0,NA,1,,0,NA,,NA,,,
HS1971,continuous,1,Mara,1,4,22,55,2,2,1,2,1,1,1,NA,no,2,,,
HS1970,continuous,1,Mara,1,4,22,55,2,1,1,2,0,1,0,NA,no,2,,,
HS1969,continuous,1,Mara,1,4,22,55,4,3,1,2,2,1,2,NA,no,2,,,
HS1968,continuous,1,Mara,1,4,22,55,1,1,1,1,0,1,1,NA,no,1,,,
HS1967,continuous,1,Mara,1,4,22,55,5,3,1,5,0,1,3,NA,no,0,,,
HS1986,continuous,1,Mara,1,4,22,127,3,1,1,3,0,1,1,NA,no,3,,,
HS1987,continuous,1,Mara,1,4,22,127,4,1,unknown,NA,4,,0,NA,,NA,,,
HS1988,continuous,1,Mara,1,4,22,127,2,2,1,2,0,unknown,2,NA,no,2,,,
HS1996,continuous,1,Mara,1,4,22,127,2,2,1,2,0,1,2,NA,no,3,,,
HS1990,continuous,1,Mara,1,4,22,127,5,5,0,NA,5,,0,NA,,NA,,,
HS1991,continuous,1,Mara,1,4,22,127,2,2,0,NA,2,,0,NA,,NA,,,
HS1992,continuous,1,Mara,1,4,22,127,1,1,0,NA,1,,0,NA,,NA,,,
HS1993,continuous,1,Mara,1,4,22,127,1,1,1,1,0,1,0,NA,no,1,,,
HS1994,continuous,1,Mara,1,4,22,127,2,1,unknown,NA,0,,0,NA,,NA,,,
HS1995,continuous,1,Mara,1,4,22,127,1,1,1,1,0,1,1,NA,no,1,,,
HS1977,continuous,1,Mara,1,4,22,11,1,0,1,1,0,1,0,NA,no,1,,,
HS1978,continuous,1,Mara,1,4,22,11,2,2,1,1,1,1,1,NA,no,1,,,
HS1979,continuous,1,Mara,1,4,22,11,2,2,1,2,0,1,2,NA,no,1,,,
HS1980,continuous,1,Mara,1,4,22,11,2,2,1,2,0,1,2,NA,no,0,,,
HS1981,continuous,1,Mara,1,4,22,11,1,1,0,NA,1,,0,NA,,NA,,,
HS1982,continuous,1,Mara,1,4,22,11,3,3,1,3,0,1,3,NA,no,0,,,
HS1983,continuous,1,Mara,1,4,22,11,2,2,0,NA,2,,0,NA,,NA,,,
HS1984,continuous,1,Mara,1,4,22,11,4,2,1,4,0,1,2,NA,no,4,,,
HS1985,continuous,1,Mara,1,4,22,11,4,1,1,4,0,1,1,NA,no,4,,,
HS1989,continuous,1,Mara,1,4,22,11,2,2,1,2,0,1,2,NA,no,2,,,
RCT1035,continuous,3,Mara,1,9,34,54,3,3,1,2,1,1,2,NA,no,2,,,
RCT1034,continuous,3,Mara,1,9,34,54,4,4,1,4,0,1,4,NA,no,4,,,
RCT1033,continuous,3,Mara,1,9,34,54,1,1,1,1,0,1,1,NA,no,1,,,
RCT1032,continuous,3,Mara,1,9,34,54,3,2,1,1,2,1,0,NA,no,1,,,
RCT1045,continuous,3,Mara,1,9,34,97,1,1,1,1,0,1,1,NA,no,1,,,
RCT1044,continuous,3,Mara,1,9,34,97,3,2,1,1,2,0,1,NA,no,1,,,
RCT1043,continuous,3,Mara,1,9,34,97,1,1,0,NA,1,,0,NA,,NA,,,
RCT1042,continuous,3,Mara,1,9,34,97,1,1,0,NA,1,,0,NA,,NA,,,
RCT1041,continuous,3,Mara,1,9,34,97,2,2,1,2,2,1,0,NA,no,0,,,
RCT1040,continuous,3,Mara,1,9,34,97,4,3,1,3,1,1,2,NA,no,2,,,
RCT1039,continuous,3,Mara,1,9,34,97,4,3,1,2,2,1,2,NA,no,2,,,
RCT1038,continuous,3,Mara,1,9,34,97,3,2,1,2,1,1,2,NA,no,2,,,
RCT1037,continuous,3,Mara,1,9,34,97,1,1,0,NA,1,,0,NA,,NA,,,
RCT1036,continuous,3,Mara,1,9,34,97,4,3,1,3,1,1,3,NA,no,3,,,
RCT1055,continuous,3,Mara,1,9,34,53,1,1,1,1,0,1,1,NA,no,1,,,
RCT1054,continuous,3,Mara,1,9,34,53,1,1,1,1,0,1,1,NA,no,1,,,
RCT1053,continuous,3,Mara,1,9,34,53,1,1,1,1,0,1,1,NA,no,1,,,
RCT1052,continuous,3,Mara,1,9,34,53,2,2,1,2,0,1,2,NA,no,2,,,
RCT1051,continuous,3,Mara,1,9,34,53,2,2,1,1,1,1,1,1,yes,1,,,
RCT1050,continuous,3,Mara,1,9,34,53,1,1,1,1,0,1,1,NA,no,1,,,
RCT1049,continuous,3,Mara,1,9,34,53,3,3,1,1,2,1,1,NA,no,1,,,
RCT1048,continuous,3,Mara,1,9,34,53,3,3,1,1,2,1,1,NA,no,1,,,
RCT1047,continuous,3,Mara,1,9,34,53,1,1,1,1,0,1,1,NA,no,1,,,
RCT1046,continuous,3,Mara,1,9,34,53,3,3,1,3,0,0,3,NA,no,3,,,
RCT0520,continuous,3,Mara,1,9,39,117,6,5,1,3,3,1,3,NA,no,3,,,
RCT0519,continuous,3,Mara,1,9,39,117,1,1,0,NA,1,,0,NA,,NA,,,
RCT0518,continuous,3,Mara,1,9,39,117,1,1,0,NA,0,,0,NA,,NA,,,
RCT0517,continuous,3,Mara,1,9,39,117,1,1,1,1,0,1,1,NA,no,1,,,
RCT0516,continuous,3,Mara,1,9,39,117,1,1,1,1,0,1,1,NA,no,1,,,
RCT0515,continuous,3,Mara,1,9,39,117,1,1,1,1,0,1,1,NA,no,1,,,
RCT0514,continuous,3,Mara,1,9,39,117,5,5,1,2,3,1,2,3,yes,2,,,
RCT0513,continuous,3,Mara,1,9,39,117,1,1,0,NA,1,,0,NA,,NA,,,
RCT0512,continuous,3,Mara,1,9,39,117,1,1,1,1,0,1,1,NA,no,1,,,
RCT0511,continuous,3,Mara,1,9,39,117,2,2,1,1,1,1,1,NA,no,1,,,
RCT0510,continuous,3,Mara,1,9,39,129,1,1,1,1,0,1,1,NA,no,1,,,
RCT0509,continuous,3,Mara,1,9,39,129,2,2,1,2,0,unknown,0,2,yes,0,,,
RCT0508,continuous,3,Mara,1,9,39,129,4,4,1,3,1,1,2,1,yes,3,,,
RCT1085,continuous,3,Mara,1,9,32,0,2,2,1,2,0,1,2,NA,no,2,,,
RCT1084,continuous,3,Mara,1,9,32,0,1,1,1,1,0,1,1,NA,no,1,,,
RCT1083,continuous,3,Mara,1,9,32,0,3,3,1,1,2,1,1,NA,no,1,,,
RCT1082,continuous,3,Mara,1,9,32,0,2,2,1,2,0,1,2,NA,no,2,,,
RCT1081,continuous,3,Mara,1,9,32,0,2,2,1,2,0,1,2,NA,no,2,,,
RCT1080,continuous,3,Mara,1,9,32,0,6,1,1,1,5,1,1,NA,no,1,,,
RCT1079,continuous,3,Mara,1,9,32,0,1,1,0,NA,1,,0,NA,,NA,,,
RCT1078,continuous,3,Mara,1,9,32,0,1,1,1,1,0,1,0,NA,no,0,,,
RCT1077,continuous,3,Mara,1,9,32,0,1,1,1,1,1,0,1,NA,no,0,,,
RCT1056,continuous,3,Mara,1,9,32,0,2,2,1,2,0,1,2,NA,no,2,,,
RCT1076,continuous,3,Mara,1,9,32,125,2,2,1,1,1,1,1,NA,no,1,,,
RCT1075,continuous,3,Mara,1,9,32,125,1,1,1,1,0,1,1,NA,no,1,,,
RCT1074,continuous,3,Mara,1,9,32,125,3,2,1,2,0,1,2,NA,no,2,,,
RCT1073,continuous,3,Mara,1,9,32,125,1,1,1,1,0,1,1,NA,no,1,,,
RCT1072,continuous,3,Mara,1,9,32,125,8,8,1,4,4,1,4,NA,no,4,,,
RCT1071,continuous,3,Mara,1,9,32,125,1,1,1,1,0,1,1,NA,no,1,,,
RCT1070,continuous,3,Mara,1,9,32,125,1,1,1,1,0,0,1,NA,no,0,,,
RCT1069,continuous,3,Mara,1,9,32,125,4,4,1,4,0,1,4,NA,no,4,,,
RCT1068,continuous,3,Mara,1,9,32,125,4,4,1,4,0,1,4,NA,no,4,,,
RCT1067,continuous,3,Mara,1,9,32,125,2,2,0,NA,2,,0,NA,,NA,,,
RCT1066,continuous,3,Mara,1,9,32,66,3,3,1,3,0,1,3,NA,no,3,,,
RCT1065,continuous,3,Mara,1,9,32,66,1,1,1,1,0,1,1,NA,no,1,,,
RCT1064,continuous,3,Mara,1,9,32,66,2,2,1,2,0,1,2,NA,no,2,,,
RCT1063,continuous,3,Mara,1,9,32,66,5,5,0,NA,5,,0,NA,,NA,,,
RCT1062,continuous,3,Mara,1,9,32,66,2,2,1,1,0,1,1,NA,no,1,,,
RCT1061,continuous,3,Mara,1,9,32,66,3,3,1,3,0,1,3,NA,no,3,,,
RCT1060,continuous,3,Mara,1,9,32,66,1,1,1,1,0,1,1,NA,no,1,,,
RCT1059,continuous,3,Mara,1,9,32,66,3,3,1,3,0,1,3,NA,no,3,,,
RCT1058,continuous,3,Mara,1,9,32,66,1,1,0,NA,1,,0,NA,,NA,,,
RCT1057,continuous,3,Mara,1,9,32,66,1,1,1,1,0,1,1,NA,no,1,,,
RCT1093,continuous,2,Mara,1,1,29,107,2,2,1,2,0,1,2,NA,no,2,,,
RCT1095,continuous,2,Mara,1,1,29,107,1,1,1,1,0,1,1,NA,no,1,,,
RCT1094,continuous,2,Mara,1,1,29,107,2,2,0,NA,2,,0,NA,,NA,,,
RCT1092,continuous,2,Mara,1,1,29,107,1,1,1,1,0,1,1,NA,no,1,,,
RCT1091,continuous,2,Mara,1,1,29,107,1,1,1,1,0,1,1,NA,no,1,,,
RCT1090,continuous,2,Mara,1,1,29,107,2,2,1,2,0,1,2,NA,no,2,,,
RCT1089,continuous,2,Mara,1,1,29,107,1,1,0,NA,1,,0,NA,,NA,,,
RCT1088,continuous,2,Mara,1,1,29,107,1,1,1,1,0,1,1,NA,no,1,,,
RCT1087,continuous,2,Mara,1,1,29,107,12,12,1,6,0,1,6,NA,no,6,,,
RCT1086,continuous,2,Mara,1,1,29,107,1,1,1,1,0,1,1,NA,no,1,,,
RCT1105,continuous,2,Mara,1,1,29,52,2,2,1,2,0,1,2,NA,no,2,,,
RCT1104,continuous,2,Mara,1,1,29,52,1,1,0,NA,1,,0,NA,,NA,,,
RCT1103,continuous,2,Mara,1,1,29,52,1,1,1,1,0,1,1,NA,no,1,,,
RCT1102,continuous,2,Mara,1,1,29,52,2,2,1,2,0,1,2,NA,no,2,,,
RCT1101,continuous,2,Mara,1,1,29,52,1,1,0,NA,1,,0,NA,,NA,,,
RCT1100,continuous,2,Mara,1,1,29,52,1,1,1,1,0,0,1,NA,no,1,,,
RCT1099,continuous,2,Mara,1,1,29,52,2,2,0,NA,2,,0,NA,,NA,,,
RCT1098,continuous,2,Mara,1,1,29,52,3,1,0,NA,3,,0,NA,,NA,,,
RCT1097,continuous,2,Mara,1,1,29,52,1,1,1,1,0,1,1,NA,no,1,,,
RCT1096,continuous,2,Mara,1,1,29,52,4,0,1,4,0,1,0,NA,no,4,,,
RCT1115,continuous,2,Mara,1,1,29,110,2,2,0,NA,2,,0,NA,,NA,,,
RCT1114,continuous,2,Mara,1,1,29,110,2,2,0,NA,2,,0,NA,,NA,,,
RCT1113,continuous,2,Mara,1,1,29,110,1,1,1,1,0,1,1,NA,no,1,,,
RCT1112,continuous,2,Mara,1,1,29,110,1,1,1,1,0,1,1,NA,no,1,,,
RCT1111,continuous,2,Mara,1,1,29,110,3,2,1,2,1,1,2,NA,no,2,,,
RCT1110,continuous,2,Mara,1,1,29,110,2,2,0,NA,2,,0,NA,,NA,,,
RCT1109,continuous,2,Mara,1,1,29,110,2,2,0,NA,2,,0,NA,,NA,,,
RCT1108,continuous,2,Mara,1,1,29,110,3,3,1,3,0,1,3,NA,no,3,,,
RCT1107,continuous,2,Mara,1,1,29,110,2,2,1,1,1,1,1,NA,no,1,,,
RCT1106,continuous,2,Mara,1,1,29,110,3,3,0,NA,3,,0,NA,,NA,,,
RCT1125,continuous,2,Mara,1,1,27,105,1,1,1,1,0,1,1,NA,no,1,,,
RCT1124,continuous,2,Mara,1,1,27,105,2,2,1,1,1,1,1,NA,no,1,,,
RCT1123,continuous,2,Mara,1,1,27,105,1,1,1,1,0,1,1,NA,no,1,,,
RCT1122,continuous,2,Mara,1,1,27,105,1,1,1,1,1,1,1,NA,no,1,,,
RCT1121,continuous,2,Mara,1,1,27,105,1,1,0,NA,0,,1,NA,,NA,,,
RCT1120,continuous,2,Mara,1,1,27,105,1,1,1,1,0,1,1,NA,no,1,,,
RCT1119,continuous,2,Mara,1,1,27,105,1,1,1,1,0,1,1,NA,no,1,,,
RCT1118,continuous,2,Mara,1,1,27,105,1,1,1,1,0,1,1,NA,no,1,,,
RCT1117,continuous,2,Mara,1,1,27,105,1,1,1,1,0,0,0,NA,no,0,,,
RCh1106,continuous,2,Mara,1,1,27,105,2,2,1,2,0,1,2,NA,no,2,,,
RCT1135,continuous,2,Mara,1,1,27,102,4,2,1,2,2,1,2,NA,no,2,,,
RCT1134,continuous,2,Mara,1,1,27,102,1,1,1,1,0,0,1,NA,no,0,,,
RCT1133,continuous,2,Mara,1,1,27,102,2,2,0,NA,2,,0,NA,,NA,,,
RCT1132,continuous,2,Mara,1,1,27,102,3,3,1,3,0,1,3,NA,no,3,,,
RCT1131,continuous,2,Mara,1,1,27,102,2,2,1,2,0,1,2,NA,no,2,,,
RCT1130,continuous,2,Mara,1,1,27,102,1,1,1,1,0,1,1,NA,no,1,,,
RCT1129,continuous,2,Mara,1,1,27,102,1,1,1,1,0,1,1,NA,no,1,,,
RCT1128,continuous,2,Mara,1,1,27,102,2,2,1,2,0,1,2,NA,no,2,,,
RCT1127,continuous,2,Mara,1,1,27,102,2,2,1,2,0,1,2,NA,no,2,,,
RCT1126,continuous,2,Mara,1,1,27,102,1,0,unknown,NA,1,,0,NA,,NA,,,
RCT1145,continuous,2,Mara,1,1,27,99,1,1,1,1,0,1,1,NA,no,1,,,
RCT1144,continuous,2,Mara,1,1,27,99,3,3,1,3,0,0,3,NA,no,3,,,
RCT1143,continuous,2,Mara,1,1,27,99,1,1,1,1,0,0,1,NA,no,1,,,
RCT1142,continuous,2,Mara,1,1,27,99,2,2,1,2,0,1,2,NA,no,2,,,
RCT1141,continuous,2,Mara,1,1,27,99,3,3,1,3,0,1,3,NA,no,3,,,
RCT1140,continuous,2,Mara,1,1,27,99,1,1,1,1,0,1,1,NA,no,1,,,
RCT1138,continuous,2,Mara,1,1,27,99,4,4,1,4,0,1,4,NA,no,4,,,
RCT1137,continuous,2,Mara,1,1,27,99,1,1,unknown,NA,1,,0,NA,,NA,,,
RCT1136,continuous,2,Mara,1,1,27,99,1,1,1,1,0,1,1,NA,no,1,,,
RCT1150,continuous,2,Mara,1,1,1,4,4,4,1,1,3,1,1,NA,no,1,,,
RCT1150,continuous,2,Mara,1,1,1,4,2,2,1,2,0,1,1,NA,no,2,,,
RCT1149,continuous,2,Mara,1,1,1,4,1,0,1,1,0,1,0,NA,no,1,,,
RCT1148,continuous,2,Mara,1,1,1,4,2,2,1,2,0,1,2,NA,no,2,,,
RCT1147,continuous,2,Mara,1,1,1,4,3,3,1,1,2,1,1,NA,no,1,,,
RCT1147,continuous,2,Mara,1,1,1,4,2,2,1,2,0,1,2,NA,no,2,,,
RCT1146,continuous,2,Mara,1,1,1,4,3,3,1,3,1,1,2,NA,no,2,,,
RCT1146,continuous,2,Mara,1,1,1,4,3,3,1,3,1,0,2,NA,no,0,,,
RCT0060,pulse,0,Mara,0,0,0,90,2,2,0,NA,2,,0,NA,,NA,,,
RCT0059,pulse,0,Mara,0,0,0,90,2,2,1,2,0,1,0,NA,no,2,,,
RCT0058,pulse,0,Mara,0,0,0,90,2,2,1,2,0,1,2,NA,no,2,,,
RCT0057,pulse,0,Mara,0,0,0,90,5,3,1,2,3,1,0,NA,no,2,,,
RCT0056,pulse,0,Mara,0,0,0,90,1,1,0,NA,1,,0,NA,,NA,,,
RCT0055,pulse,0,Mara,0,0,0,90,3,3,1,3,0,1,3,NA,no,3,,,
RCT0054,pulse,0,Mara,0,0,0,90,1,1,1,1,0,1,1,NA,no,1,,,
RCT0053,pulse,0,Mara,0,0,0,90,2,2,1,2,0,1,2,NA,no,2,,,
RCT0052,pulse,0,Mara,0,0,0,90,3,3,1,2,0,1,0,NA,no,2,,,
RCT0051,pulse,0,Mara,0,0,0,90,1,1,1,1,0,1,1,NA,no,1,,,
RCT0050,pulse,0,Mara,0,0,0,58,1,1,1,1,0,1,1,NA,no,1,,,
RCT0049,pulse,0,Mara,0,0,0,58,2,2,1,2,0,1,2,NA,no,2,,,
RCT0048,pulse,0,Mara,0,0,0,58,1,1,0,NA,1,,0,NA,,NA,,,
RCT0047,pulse,0,Mara,0,0,0,58,3,3,1,3,0,1,3,NA,no,3,,,
RCT0046,pulse,0,Mara,0,0,0,58,1,1,1,1,0,1,1,NA,no,1,,,
RCT0045,pulse,0,Mara,0,0,0,58,2,2,1,1,1,1,1,NA,no,1,,,
RCT0044,pulse,0,Mara,0,0,0,58,2,0,1,1,1,1,1,NA,no,1,,,
RCT0043,pulse,0,Mara,0,0,0,58,1,1,1,1,0,1,1,NA,no,1,,,
RCT0042,pulse,0,Mara,0,0,0,58,1,1,0,NA,1,,0,NA,,NA,,,
RCT0041,pulse,0,Mara,0,0,0,58,2,2,1,2,0,1,2,NA,no,2,,,
RCT0040,pulse,0,Mara,0,0,0,64,3,2,1,3,0,1,2,NA,no,3,,,
RCT0039,pulse,0,Mara,0,0,0,64,3,0,1,3,0,1,0,NA,no,3,,,
RCT0038,pulse,0,Mara,0,0,0,64,1,0,0,NA,1,,0,NA,,NA,,,
RCT0037,pulse,0,Mara,0,0,0,64,2,2,1,1,1,1,1,NA,no,1,,,
RCT0036,pulse,0,Mara,0,0,0,64,2,1,1,2,0,1,1,NA,no,2,,,
RCT0035,pulse,0,Mara,0,0,0,64,3,2,1,3,3,1,0,NA,no,0,,,
RCT0034,pulse,0,Mara,0,0,0,64,1,0,1,1,0,0,0,NA,no,0,,,
RCT0033,pulse,0,Mara,0,0,0,64,1,1,1,1,0,1,1,NA,no,1,,,
RCT0032,pulse,0,Mara,0,0,0,64,1,0,1,1,0,1,0,NA,no,1,,,
RCT0031,pulse,0,Mara,0,0,0,64,2,1,1,2,0,unknown,1,NA,no,0,,,
RCT1159,continuous,2,Mara,1,1,1,82,5,2,1,2,0,1,2,NA,no,2,,,
RCT1157,continuous,2,Mara,1,1,1,82,1,1,1,1,0,0,1,NA,no,1,,,
RCT1156,continuous,2,Mara,1,1,1,82,1,0,1,1,0,0,0,NA,no,0,,,
RCT1155,continuous,2,Mara,1,1,1,82,1,1,0,NA,1,,0,NA,,NA,,,
RCT1154,continuous,2,Mara,1,1,1,82,2,2,1,2,0,0,0,NA,no,2,,,
RCT1153,continuous,2,Mara,1,1,1,82,2,2,0,NA,2,,0,NA,,NA,,,
RCT1152,continuous,2,Mara,1,1,1,82,1,1,0,NA,1,,0,NA,,NA,,,
RCT1151,continuous,2,Mara,1,1,1,82,2,2,1,2,0,1,2,NA,no,2,,,
RCT1151,continuous,2,Mara,1,1,1,82,1,1,1,1,1,1,1,NA,no,1,,,
RCT1169,continuous,2,Mara,1,1,1,24,2,2,1,2,0,1,2,NA,no,2,,,
RCT1168,continuous,2,Mara,1,1,1,24,5,5,0,NA,5,,0,NA,,NA,,,
RCT1167,continuous,2,Mara,1,1,1,24,3,3,unknown,NA,0,,0,NA,,NA,,,
RCT1166,continuous,2,Mara,1,1,1,24,2,2,1,2,0,1,2,NA,no,2,,,
RCT1165,continuous,2,Mara,1,1,1,24,4,4,1,4,0,1,4,NA,no,4,,,
RCT1164,continuous,2,Mara,1,1,1,24,4,4,0,NA,4,,0,NA,,NA,,,
RCT1163,continuous,2,Mara,1,1,1,24,3,3,0,NA,3,,0,NA,,NA,,,
RCT1162,continuous,2,Mara,1,1,1,24,1,1,0,NA,1,,0,NA,,NA,,,
RCT1161,continuous,2,Mara,1,1,1,24,2,2,0,NA,2,,0,NA,,NA,,,
RCT1160,continuous,2,Mara,1,1,1,24,1,1,0,NA,1,,0,NA,,NA,,,
RCT1179,continuous,2,Mara,1,1,25,106,1,1,1,1,0,1,1,NA,no,1,,,
RCT1178,continuous,2,Mara,1,1,25,106,1,1,1,1,0,1,1,NA,no,1,,,
RCT1177,continuous,2,Mara,1,1,25,106,1,0,1,1,0,1,0,NA,no,1,,,
RCT1176,continuous,2,Mara,1,1,25,106,1,1,1,1,0,1,1,NA,no,1,,,
RCT1175,continuous,2,Mara,1,1,25,106,1,1,0,NA,1,,0,NA,,NA,,,
RCT1174,continuous,2,Mara,1,1,25,106,1,0,1,1,0,1,0,NA,no,1,,,
RCT1173,continuous,2,Mara,1,1,25,106,1,1,0,NA,1,,0,NA,,NA,,,
RCT1172,continuous,2,Mara,1,1,25,106,2,2,1,2,0,1,2,NA,no,2,,,
RCT1171,continuous,2,Mara,1,1,25,106,1,1,1,1,0,1,0,NA,no,1,,,
RCT1170,continuous,2,Mara,1,1,25,106,2,1,1,1,1,1,1,NA,no,1,,,
RCT0620,continuous,1,Mara,2,11,42,101,4,4,1,4,0,1,4,NA,no,4,,,
RCT0619,continuous,1,Mara,2,11,42,101,2,2,1,2,0,1,2,NA,no,2,,,
RCT0618,continuous,1,Mara,2,11,42,101,3,3,1,2,1,1,2,NA,no,2,,,
RCT0617,continuous,1,Mara,2,11,42,101,1,1,0,NA,1,,0,NA,,NA,,,
RCT0616,continuous,1,Mara,2,11,42,101,2,1,1,1,1,1,1,NA,no,1,,,
RCT0615,continuous,1,Mara,2,11,42,101,1,1,1,1,0,1,1,NA,no,1,,,
RCT0614,continuous,1,Mara,2,11,42,101,4,4,1,1,3,1,1,NA,no,1,,,
RCT0613,continuous,1,Mara,2,11,42,101,3,2,1,3,0,1,2,NA,no,3,,,
RCT0612,continuous,1,Mara,2,11,42,101,2,2,1,1,1,1,1,NA,no,1,,,
RCT0611,continuous,1,Mara,2,11,42,101,2,2,0,NA,2,,0,NA,,NA,,,
RCT0610,continuous,1,Mara,2,11,42,41,1,1,1,1,0,1,1,NA,no,1,,,
RCT0609,continuous,1,Mara,2,11,42,41,2,2,1,2,0,1,2,NA,no,2,,,
RCT0608,continuous,1,Mara,2,11,42,41,1,1,1,1,0,1,1,NA,no,1,,,
RCT0607,continuous,1,Mara,2,11,42,41,3,3,1,2,1,1,2,NA,no,2,,,
RCT0606,continuous,1,Mara,2,11,42,41,1,1,1,1,0,1,1,NA,no,1,,,
RCT0605,continuous,1,Mara,2,11,42,41,5,5,1,3,2,1,3,NA,no,3,,,
RCT0604,continuous,1,Mara,2,11,42,41,4,4,1,1,3,1,1,NA,no,1,,,
RCT0603,continuous,1,Mara,2,11,42,41,1,1,1,1,0,1,1,NA,no,1,,,
RCT0602,continuous,1,Mara,2,11,42,41,4,4,1,1,3,1,1,NA,no,1,,,
RCT0601,continuous,1,Mara,2,11,42,41,1,1,0,NA,1,,0,NA,,NA,,,
RCT0600,continuous,1,Mara,2,11,42,100,2,2,1,1,1,1,1,NA,no,1,,,
RCT0599,continuous,1,Mara,2,11,42,100,3,3,1,1,2,1,1,NA,no,1,,,
RCT0598,continuous,1,Mara,2,11,42,100,1,1,0,NA,1,,0,NA,,NA,,,
RCT0597,continuous,1,Mara,2,11,42,100,3,3,1,3,0,1,3,NA,no,3,,,
RCT0596,continuous,1,Mara,2,11,42,100,3,3,0,NA,3,,0,NA,,NA,,,
RCT0595,continuous,1,Mara,2,11,42,100,2,2,0,NA,2,,0,NA,,NA,,,
RCT0594,continuous,1,Mara,2,11,42,100,2,2,0,NA,2,,0,NA,,NA,,,
RCT0593,continuous,1,Mara,2,11,42,100,5,5,1,4,1,1,4,NA,no,4,,,
RCT0592,continuous,1,Mara,2,11,42,100,2,2,1,2,0,1,2,NA,no,2,,,
RCT0591,continuous,1,Mara,2,11,42,100,2,2,0,NA,2,,0,NA,,NA,,,
RCT0590,continuous,1,Mara,2,11,40,118,1,1,1,1,0,1,1,NA,no,1,,,
RCT0589,continuous,1,Mara,2,11,40,118,3,3,1,3,0,1,3,NA,no,3,,,
RCT0588,continuous,1,Mara,2,11,40,118,2,2,0,NA,2,,0,NA,,NA,,,
RCT0587,continuous,1,Mara,2,11,40,118,1,1,0,NA,1,,0,NA,,NA,,,
RCT0586,continuous,1,Mara,2,11,40,118,4,4,1,4,0,unknown,4,NA,no,4,,,
RCT0585,continuous,1,Mara,2,11,40,118,2,2,1,1,1,1,1,NA,no,1,,,
RCT0584,continuous,1,Mara,2,11,40,118,1,1,0,NA,1,,0,NA,,NA,,,
RCT0583,continuous,1,Mara,2,11,40,118,1,1,0,NA,1,,0,NA,,NA,,,
RCT0582,continuous,1,Mara,2,11,40,118,2,2,0,NA,2,,0,NA,,NA,,,
RCT0581,continuous,1,Mara,2,11,40,118,1,1,1,1,0,1,1,NA,no,0,,,
RCT0580,continuous,1,Mara,2,11,40,34,2,2,0,NA,2,,0,NA,,NA,,,
RCT0579,continuous,1,Mara,2,11,40,34,5,3,1,4,1,1,2,NA,no,4,,,
RCT0578,continuous,1,Mara,2,11,40,34,2,2,1,1,1,1,1,NA,no,1,,,
RCT0577,continuous,1,Mara,2,11,40,34,3,3,1,2,1,1,2,NA,no,2,,,
RCT0576,continuous,1,Mara,2,11,40,34,2,2,1,2,0,1,2,NA,no,2,,,
RCT0575,continuous,1,Mara,2,11,40,34,2,2,1,2,0,1,2,NA,no,2,,,
RCT0574,continuous,1,Mara,2,11,40,34,2,2,1,2,0,1,2,NA,no,2,,,
RCT0573,continuous,1,Mara,2,11,40,34,5,5,1,5,0,1,5,NA,no,4,,,
RCT0572,continuous,1,Mara,2,11,40,34,1,1,0,NA,1,,0,NA,,NA,,,
RCT0571,continuous,1,Mara,2,11,40,34,1,1,1,1,0,1,1,NA,no,1,,,
RCT1196,continuous,2,Mara,1,1,25,63,3,3,0,NA,3,,0,NA,,NA,,,
RCT1197,continuous,2,Mara,1,1,25,63,1,1,1,1,0,1,1,NA,no,1,,,
RCT1198,continuous,2,Mara,1,1,25,63,1,1,1,1,0,1,1,NA,no,1,,,
RCT1199,continuous,2,Mara,1,1,25,63,2,2,1,2,0,1,2,NA,no,2,,,
RCT1200,continuous,2,Mara,1,1,25,63,1,1,1,1,0,1,1,NA,no,1,,,
RCT1201,continuous,2,Mara,1,1,25,63,2,2,0,NA,2,,0,NA,,NA,,,
RCT1193,continuous,2,Mara,1,1,25,63,1,1,1,1,0,1,1,NA,no,1,,,
RCT1192,continuous,2,Mara,1,1,25,63,3,3,1,3,0,1,3,NA,no,3,,,
RCT1191,continuous,2,Mara,1,1,25,63,1,1,1,1,0,1,1,NA,no,1,,,
RCT1190,continuous,2,Mara,1,1,25,63,1,1,1,1,0,1,1,NA,no,1,,,
RCT1189,continuous,2,Mara,1,1,25,131,1,1,0,NA,1,,0,NA,,NA,,,
RCT1188,continuous,2,Mara,1,1,25,131,1,1,0,NA,1,,0,NA,,NA,,,
RCT1187,continuous,2,Mara,1,1,25,131,1,1,1,1,0,1,1,NA,no,0,,,
RCT1186,continuous,2,Mara,1,1,25,131,1,0,1,1,0,1,0,NA,no,1,,,
RCT1185,continuous,2,Mara,1,1,25,131,1,1,1,1,0,1,1,NA,no,1,,,
RCT1184,continuous,2,Mara,1,1,25,131,1,1,1,1,0,1,1,NA,no,1,,,
RCT1183,continuous,2,Mara,1,1,25,131,2,0,1,2,0,1,0,NA,no,2,,,
RCT1182,continuous,2,Mara,1,1,25,131,2,1,1,1,1,1,1,NA,no,1,,,
RCT1181,continuous,2,Mara,1,1,25,131,2,1,1,1,1,1,1,NA,no,1,,,
RCT1180,continuous,2,Mara,1,1,25,131,2,0,1,2,0,1,0,NA,no,2,,,
RCT1211,continuous,2,Mara,1,1,31,79,2,2,unknown,NA,2,,0,NA,,NA,,,
RCT1210,continuous,2,Mara,1,1,31,79,1,1,0,NA,1,,0,NA,,NA,,,
RCT1209,continuous,2,Mara,1,1,31,79,2,2,0,NA,0,,0,NA,,NA,,,
RCT1208,continuous,2,Mara,1,1,31,79,1,1,0,NA,1,,0,NA,,NA,,,
RCT1207,continuous,2,Mara,1,1,31,79,3,3,1,2,1,1,1,NA,no,2,,,
RCT1206,continuous,2,Mara,1,1,31,79,2,2,1,1,1,1,1,NA,no,1,,,
RCT1205,continuous,2,Mara,1,1,31,79,4,4,0,NA,4,,0,NA,,NA,,,
RCT1204,continuous,2,Mara,1,1,31,79,1,1,1,1,0,1,1,NA,no,1,,,
RCT1203,continuous,2,Mara,1,1,31,79,3,1,1,2,3,1,0,NA,no,2,,,
RCT1202,continuous,2,Mara,1,1,31,79,1,1,1,1,0,1,1,NA,no,1,,,
RCT0501,continuous,3,Mara,1,9,39,129,1,1,1,1,0,1,1,NA,no,1,,,
RCT0529,continuous,3,Mara,1,9,39,130,3,3,1,1,2,1,1,NA,no,1,,,
RCT0528,continuous,3,Mara,1,9,39,130,1,1,1,1,0,1,1,NA,no,1,,,
RCT0527,continuous,3,Mara,1,9,39,130,4,4,1,2,2,1,2,NA,no,2,,,
RCT0526,continuous,3,Mara,1,9,39,130,1,1,1,1,0,0,1,NA,no,0,,,
RCT0525,continuous,3,Mara,1,9,39,130,2,2,0,NA,2,,0,NA,,NA,,,
RCT0524,continuous,3,Mara,1,9,39,130,2,2,1,2,0,1,2,NA,no,2,,,
RCT0523,continuous,3,Mara,1,9,39,130,1,1,1,1,0,1,1,NA,no,1,,,
RCT0522,continuous,3,Mara,1,9,39,130,1,1,1,1,0,1,1,NA,no,1,,,
RCT0521,continuous,3,Mara,1,9,39,130,1,1,1,1,0,0,1,NA,no,0,,,
RCT0540,continuous,3,Mara,1,9,37,103,2,1,0,NA,2,,0,NA,,NA,,,
RCT0539,continuous,3,Mara,1,9,37,103,2,1,0,NA,2,,0,NA,,NA,,,
RCT0538,continuous,3,Mara,1,9,37,103,1,1,1,1,0,0,1,NA,no,0,,,
RCT0537,continuous,3,Mara,1,9,37,103,1,1,0,NA,1,,0,NA,,NA,,,
RCT0536,continuous,3,Mara,1,9,37,103,2,2,0,NA,2,,0,NA,,NA,,,
RCT0535,continuous,3,Mara,1,9,37,103,1,1,1,1,0,1,1,NA,no,1,,,
RCT0534,continuous,3,Mara,1,9,37,103,1,1,0,NA,1,,0,NA,,NA,,,
RCT0533,continuous,3,Mara,1,9,37,103,2,2,0,NA,2,,0,NA,,NA,,,
RCT0532,continuous,3,Mara,1,9,37,103,1,1,1,1,0,1,1,NA,no,1,,,
RCT0531,continuous,3,Mara,1,9,37,103,1,1,1,1,0,1,1,NA,no,1,,,
RCT0550,continuous,3,Mara,1,9,37,123,3,2,1,2,1,1,1,NA,no,2,,,
RCT0548,continuous,3,Mara,1,9,37,123,4,3,1,3,1,1,2,1,yes,3,,,
RCT0547,continuous,3,Mara,1,9,37,123,2,2,1,1,1,1,1,NA,no,1,,,
RCT0546,continuous,3,Mara,1,9,37,123,3,1,1,1,2,1,0,NA,no,1,,,
RCT0545,continuous,3,Mara,1,9,37,123,2,2,1,1,1,1,1,NA,no,1,,,
RCT0544,continuous,3,Mara,1,9,37,123,2,2,0,NA,0,,0,NA,,NA,,,
RCT0543,continuous,3,Mara,1,9,37,123,2,2,0,NA,2,,0,NA,,NA,,,
RCT0542,continuous,3,Mara,1,9,37,123,1,1,0,NA,1,,0,NA,,NA,,,
RCT0541,continuous,3,Mara,1,9,37,123,2,2,1,2,0,1,2,NA,no,2,,,
RCT0560,continuous,3,Mara,1,9,37,45,1,1,0,NA,1,,0,NA,,NA,,,
RCT0559,continuous,3,Mara,1,9,37,45,1,1,0,NA,1,,0,NA,,NA,,,
RCT0558,continuous,3,Mara,1,9,37,45,3,2,1,2,1,1,2,NA,no,2,,,
RCT0557,continuous,3,Mara,1,9,37,45,1,1,0,NA,1,,0,NA,,NA,,,
RCT0556,continuous,3,Mara,1,9,37,45,1,1,1,1,0,1,1,NA,no,1,,,
RCT0555,continuous,3,Mara,1,9,37,45,1,1,1,1,0,1,1,NA,no,1,,,
RCT0554,continuous,3,Mara,1,9,37,45,1,1,1,1,0,1,1,NA,no,1,,,
RCT0553,continuous,3,Mara,1,9,37,45,1,1,0,NA,1,,0,NA,,NA,,,
RCT0552,continuous,3,Mara,1,9,37,45,2,1,1,1,1,1,0,1,yes,1,,,
RCT0551,continuous,3,Mara,1,9,37,45,1,1,0,NA,1,,0,NA,,NA,,,
RCT0570,continuous,1,Mara,2,11,40,33,3,3,1,1,2,1,1,NA,no,1,,,
RCT0569,continuous,1,Mara,2,11,40,33,1,1,1,1,0,1,1,NA,no,1,,,
RCT0568,continuous,1,Mara,2,11,40,33,1,1,1,2,0,1,1,NA,no,2,,,
RCT0567,continuous,1,Mara,2,11,40,33,1,1,1,1,0,1,1,NA,no,1,,,
RCT0566,continuous,1,Mara,2,11,40,33,1,1,0,NA,1,,0,NA,,NA,,,
RCT0565,continuous,1,Mara,2,11,40,33,2,2,1,1,1,1,1,NA,no,1,,,
RCT0564,continuous,1,Mara,2,11,40,33,2,2,1,1,1,1,1,NA,no,1,,,
RCT0563,continuous,1,Mara,2,11,40,33,1,1,1,2,0,1,1,NA,no,2,,,
RCT0562,continuous,1,Mara,2,11,40,33,2,2,1,3,0,1,2,NA,no,3,,,
RCT0561,continuous,1,Mara,2,11,40,33,2,2,1,1,1,1,1,NA,no,1,,,
RCT0630,continuous,1,Mara,2,11,43,68,1,1,1,1,0,1,1,NA,no,1,,,
RCT0629,continuous,1,Mara,2,11,43,68,1,1,1,1,0,1,1,NA,no,1,,,
RCT0628,continuous,1,Mara,2,11,43,68,3,3,1,2,1,1,2,NA,no,2,,,
RCT0627,continuous,1,Mara,2,11,43,68,2,2,1,2,0,1,2,NA,no,2,,,
RCT0626,continuous,1,Mara,2,11,43,68,2,2,1,2,0,1,2,NA,no,2,,,
RCT0625,continuous,1,Mara,2,11,43,68,2,2,0,NA,2,,0,NA,,NA,,,
RCT0624,continuous,1,Mara,2,11,43,68,1,1,1,1,0,1,1,NA,no,1,,,
RCT0623,continuous,1,Mara,2,11,43,68,2,2,0,NA,2,,0,NA,,NA,,,
RCT0622,continuous,1,Mara,2,11,43,68,3,4,1,3,1,1,3,NA,no,3,,,
RCT0621,continuous,1,Mara,2,11,43,68,4,4,1,2,2,unknown,2,NA,no,2,,,
RCT0640,continuous,1,Mara,2,11,43,1,2,2,1,2,0,1,2,NA,no,2,,,
RCT0639,continuous,1,Mara,2,11,43,1,1,1,1,1,0,1,0,1,yes,1,,,
RCT0638,continuous,1,Mara,2,11,43,1,3,3,1,2,1,1,2,NA,no,2,,,
RCT0637,continuous,1,Mara,2,11,43,1,1,1,0,NA,1,,0,NA,,NA,,,
RCT0636,continuous,1,Mara,2,11,43,1,5,5,1,4,1,1,4,NA,no,4,,,
RCT0635,continuous,1,Mara,2,11,43,1,4,4,1,2,2,1,2,NA,no,2,,,
RCT0634,continuous,1,Mara,2,11,43,1,2,2,1,1,1,1,1,NA,no,1,,,
RCT0633,continuous,1,Mara,2,11,43,1,1,1,1,1,0,1,1,NA,no,1,,,
RCT0632,continuous,1,Mara,2,11,43,1,1,1,0,NA,1,,0,NA,,NA,,,
RCT0631,continuous,1,Mara,2,11,43,1,2,2,1,1,1,unknown,1,NA,no,0,,,
RCT0650,continuous,1,Mara,2,11,43,37,2,2,1,2,0,1,2,NA,no,2,,,
RCT0649,continuous,1,Mara,2,11,43,37,3,3,0,NA,3,,0,NA,,NA,,,
RCT0648,continuous,1,Mara,2,11,43,37,2,2,0,NA,2,,0,NA,,NA,,,
RCT0647,continuous,1,Mara,2,11,43,37,3,3,1,1,2,1,1,NA,no,1,,,
RCT0646,continuous,1,Mara,2,11,43,37,2,2,1,1,1,1,1,NA,no,1,,,
RCT0645,continuous,1,Mara,2,11,43,37,2,2,0,NA,2,,0,NA,,NA,,,
RCT0644,continuous,1,Mara,2,11,43,37,1,1,0,NA,0,,0,NA,,NA,,,
RCT0643,continuous,1,Mara,2,11,43,37,2,2,1,2,0,1,2,NA,no,2,,,
RCT0642,continuous,1,Mara,2,11,43,37,3,3,0,NA,3,,0,NA,,NA,,,
RCT0641,continuous,1,Mara,2,11,43,37,3,3,1,2,1,1,2,NA,no,2,,,
RCT1221,continuous,2,Mara,1,1,31,22,1,1,1,1,0,1,1,NA,no,1,,,
RCT1220,continuous,2,Mara,1,1,31,22,1,1,1,1,0,1,1,NA,no,1,,,
RCT1219,continuous,2,Mara,1,1,31,22,1,1,1,1,0,1,1,NA,no,1,,,
RCT1218,continuous,2,Mara,1,1,31,22,1,1,1,1,0,1,1,NA,no,1,,,
RCT1217,continuous,2,Mara,1,1,31,22,1,1,1,1,0,1,1,NA,no,1,,,
RCT1216,continuous,2,Mara,1,1,31,22,3,3,1,1,2,1,1,NA,no,1,,,
RCT1214,continuous,2,Mara,1,1,31,22,1,1,0,NA,1,,0,NA,,NA,,,
RCT1213,continuous,2,Mara,1,1,31,22,2,2,1,1,1,1,1,NA,no,1,,,
RCT1211,continuous,2,Mara,1,1,31,22,1,1,1,1,0,1,1,NA,no,1,,,
RCT1231,continuous,2,Mara,1,1,31,113,2,2,1,2,0,1,2,NA,no,2,,,
RCT1230,continuous,2,Mara,1,1,31,113,2,2,1,2,0,1,2,NA,no,2,,,
RCT1229,continuous,2,Mara,1,1,31,113,1,1,0,NA,1,,0,NA,,NA,,,
RCT1228,continuous,2,Mara,1,1,31,113,1,2,1,1,0,1,1,NA,no,1,,,
RCT1227,continuous,2,Mara,1,1,31,113,1,1,1,1,0,1,1,NA,no,1,,,
RCT1226,continuous,2,Mara,1,1,31,113,4,4,1,4,0,1,4,NA,no,4,,,
RCT1225,continuous,2,Mara,1,1,31,113,1,1,1,1,0,1,1,NA,no,1,,,
RCT1224,continuous,2,Mara,1,1,31,113,1,1,1,1,0,1,1,NA,no,1,,,
RCT1223,continuous,2,Mara,1,1,31,113,2,2,1,2,0,1,1,NA,no,1,,,
RCT1222,continuous,2,Mara,1,1,31,113,2,2,1,2,0,1,2,NA,no,2,,,
RCT0670,continuous,1,Mara,2,11,38,49,5,5,1,3,2,1,3,NA,no,3,,,
RCT0669,continuous,1,Mara,2,11,38,49,2,2,0,NA,2,,0,NA,,NA,,,
RCT0668,continuous,1,Mara,2,11,38,49,1,1,0,NA,1,,0,NA,,NA,,,
RCT0667,continuous,1,Mara,2,11,38,49,1,1,1,1,0,1,1,NA,no,1,,,
RCT0666,continuous,1,Mara,2,11,38,49,2,2,0,NA,2,,0,NA,,NA,,,
RCT0665,continuous,1,Mara,2,11,38,49,2,2,1,2,0,1,2,NA,no,2,,,
RCT0664,continuous,1,Mara,2,11,38,49,1,1,1,1,0,1,1,NA,no,1,,,
RCT0663,continuous,1,Mara,2,11,38,49,4,4,0,NA,4,,0,NA,,NA,,,
RCT0662,continuous,1,Mara,2,11,38,49,3,3,0,NA,3,,0,NA,,NA,,,
RCT0661,continuous,1,Mara,2,11,38,49,5,5,0,NA,5,,0,NA,,NA,,,
RCT0660,continuous,1,Mara,2,11,38,35,3,3,0,NA,3,,0,NA,,NA,,,
RCT0659,continuous,1,Mara,2,11,38,35,2,2,0,NA,2,,0,NA,,NA,,,
RCT0658,continuous,1,Mara,2,11,38,35,4,4,0,NA,4,,8,NA,,NA,,,
RCT0657,continuous,1,Mara,2,11,38,35,11,11,1,1,10,unknown,1,NA,no,0,,,
RCT0656,continuous,1,Mara,2,11,38,35,3,3,0,NA,3,,0,NA,,NA,,,
RCT0655,continuous,1,Mara,2,11,38,35,6,6,1,4,2,1,4,NA,no,4,,,
RCT0654,continuous,1,Mara,2,11,38,35,3,3,1,2,1,1,2,NA,no,2,,,
RCT0653,continuous,1,Mara,2,11,38,35,3,3,1,3,0,1,3,NA,no,3,,,
RCT0652,continuous,1,Mara,2,11,38,35,4,4,1,1,3,1,1,NA,no,1,,,
RCT0651,continuous,1,Mara,2,11,38,35,2,2,1,2,0,unknown,2,NA,no,2,,,
RCT0070,continuous,2,Mara,0,5,9,69,1,1,0,NA,1,,0,NA,,NA,,,
RCT0090,continuous,2,Mara,0,5,9,96,4,4,1,1,3,1,1,NA,no,1,,,
RCT0069,continuous,2,Mara,0,5,9,69,3,2,1,3,0,1,3,NA,no,3,,,
RCT0089,continuous,2,Mara,0,5,9,96,2,2,1,2,0,1,2,NA,no,2,,,
RCT0068,continuous,2,Mara,0,5,9,69,1,1,1,1,0,1,1,NA,no,1,,,
RCT0088,continuous,2,Mara,0,5,9,96,2,1,1,2,0,1,2,NA,no,2,,,
RCT0067,continuous,2,Mara,0,5,9,69,1,0,0,NA,1,,0,NA,,NA,,,
RCT0087,continuous,2,Mara,0,5,9,96,1,1,1,1,0,1,1,NA,no,1,,,
RCT0066,continuous,2,Mara,0,5,9,69,2,0,1,1,1,1,1,NA,no,1,,,
RCT0065,continuous,2,Mara,0,5,9,69,4,0,1,4,0,1,0,NA,no,4,,,
RCT0064,continuous,2,Mara,0,5,9,69,1,1,1,1,0,1,0,NA,no,1,,,
RCT0063,continuous,2,Mara,0,5,9,69,2,2,0,NA,2,,0,NA,,NA,,,
RCT0062,continuous,2,Mara,0,5,9,69,5,0,1,4,1,1,4,NA,no,1,,,
RCT0086,continuous,2,Mara,0,5,9,96,1,1,1,1,0,1,1,NA,no,1,,,
RCT0085,continuous,2,Mara,0,5,9,96,4,2,1,3,1,1,3,NA,no,3,,,
RCT0084,continuous,2,Mara,0,5,9,96,1,1,1,1,0,1,1,NA,no,1,,,
RCT0083,continuous,2,Mara,0,5,9,96,1,1,1,1,0,1,1,NA,no,1,,,
RCT0082,continuous,2,Mara,0,5,9,96,2,2,0,NA,2,,0,NA,,NA,,,
RCT0061,continuous,2,Mara,0,5,9,69,1,0,1,1,1,1,0,NA,no,1,,,
RCT0080,continuous,2,Mara,0,5,9,9,1,1,1,1,0,1,1,NA,no,1,,,
RCT0079,continuous,2,Mara,0,5,9,9,2,1,1,1,1,1,1,NA,no,1,,,
RCT0078,continuous,2,Mara,0,5,9,9,3,0,0,NA,3,,0,NA,,NA,,,
RCT0081,continuous,2,Mara,0,5,9,96,1,1,1,1,0,1,1,NA,no,1,,,
RCT0077,continuous,2,Mara,0,5,9,9,4,1,1,1,3,1,1,NA,no,1,,,
RCT0076,continuous,2,Mara,0,5,9,9,2,1,1,1,1,1,1,NA,no,1,,,
RCT0075,continuous,2,Mara,0,5,9,9,3,3,1,3,0,1,3,NA,no,3,,,
RCT0074,continuous,2,Mara,0,5,9,9,2,2,0,NA,2,,0,NA,,NA,,,
RCT0073,continuous,2,Mara,0,5,9,9,2,1,1,1,1,1,1,NA,no,1,,,
RCT0072,continuous,2,Mara,0,5,9,9,1,1,1,1,0,1,0,NA,no,1,,,
RCT0071,continuous,2,Mara,0,5,9,9,2,0,1,2,0,1,2,NA,no,2,,,
RCT0690,continuous,2,Mara,2,8,45,68,1,1,0,NA,1,,0,NA,,NA,,,
RCT0689,continuous,2,Mara,2,8,45,68,1,1,0,NA,1,,0,NA,,NA,,,
RCT0688,continuous,2,Mara,2,8,45,68,1,1,1,1,0,1,1,NA,no,1,,,
RCT0687,continuous,2,Mara,2,8,45,68,2,2,0,NA,2,,0,NA,,NA,,,
RCT0686,continuous,2,Mara,2,8,45,68,1,1,1,1,0,1,1,NA,no,1,,,
RCT0685,continuous,2,Mara,2,8,45,68,3,3,1,3,0,1,3,NA,no,3,,,
RCT0684,continuous,2,Mara,2,8,45,68,2,2,1,2,0,1,2,NA,no,2,,,
RCT0683,continuous,2,Mara,2,8,45,68,3,3,1,1,2,1,1,NA,no,1,,,
RCT0682,continuous,2,Mara,2,8,45,68,4,4,1,2,2,1,2,NA,no,2,,,
RCT0681,continuous,2,Mara,2,8,45,68,2,2,0,NA,2,,0,NA,,NA,,,
RCT0680,continuous,1,Mara,2,11,38,115,5,5,1,3,2,1,3,NA,no,3,,,
RCT0679,continuous,1,Mara,2,11,38,115,2,2,1,2,0,1,2,NA,no,2,,,
RCT0678,continuous,1,Mara,2,11,38,115,3,3,0,NA,3,,0,NA,,NA,,,
RCT0700,continuous,2,Mara,2,8,45,3,2,2,1,2,0,1,2,NA,no,2,,,
RCT0699,continuous,2,Mara,2,8,45,3,4,4,1,4,0,1,4,NA,no,4,,,
RCT0698,continuous,2,Mara,2,8,45,3,1,1,1,1,0,1,1,NA,no,1,,,
RCT0697,continuous,2,Mara,2,8,45,3,4,4,1,2,2,1,2,NA,no,2,,,
RCT0696,continuous,2,Mara,2,8,45,3,1,1,0,NA,1,,0,NA,,NA,,,
RCT0695,continuous,2,Mara,2,8,45,3,4,4,1,4,0,1,4,NA,no,4,,,
RCT0694,continuous,2,Mara,2,8,45,3,3,3,1,1,2,1,1,NA,no,1,,,
RCT0693,continuous,2,Mara,2,8,45,3,1,1,1,1,0,1,1,NA,no,1,,,
RCT0692,continuous,2,Mara,2,8,45,3,2,2,1,1,1,1,1,NA,no,1,,,
RCT0691,continuous,2,Mara,2,8,45,3,4,4,0,NA,4,,0,NA,,NA,,,
RCT0710,continuous,2,Mara,2,8,45,116,2,2,1,2,0,1,2,NA,no,2,,,
RCT0709,continuous,2,Mara,2,8,45,116,1,1,1,1,0,1,1,NA,no,1,,,
RCT0708,continuous,2,Mara,2,8,45,116,3,3,1,3,0,1,3,NA,no,3,,,
RCT0707,continuous,2,Mara,2,8,45,116,2,2,1,1,1,1,1,NA,no,1,,,
RCT0706,continuous,2,Mara,2,8,45,116,4,4,1,3,1,1,3,NA,no,4,,,
RCT0705,continuous,2,Mara,2,8,45,116,3,3,1,1,2,1,1,NA,no,1,,,
RCT0704,continuous,2,Mara,2,8,45,116,3,3,1,1,2,1,1,NA,no,1,,,
RCT0703,continuous,2,Mara,2,8,45,116,1,1,0,NA,1,,0,NA,,NA,,,
RCT0702,continuous,2,Mara,2,8,45,116,1,1,1,1,0,1,1,NA,no,1,,,
RCT0701,continuous,2,Mara,2,8,45,116,3,3,1,2,1,1,2,NA,no,2,,,
RCT0730,continuous,2,Mara,2,8,28,56,2,2,1,2,0,1,2,NA,no,2,,,
RCT0729,continuous,2,Mara,2,8,28,56,3,3,1,3,0,1,3,NA,no,3,,,
RCT0728,continuous,2,Mara,2,8,28,56,1,1,0,NA,1,,0,NA,,NA,,,
RCT0727,continuous,2,Mara,2,8,28,56,1,1,0,NA,1,,0,NA,,NA,,,
RCT0726,continuous,2,Mara,2,8,28,56,2,2,1,2,0,1,2,NA,no,2,,,
RCT0725,continuous,2,Mara,2,8,28,56,2,2,0,NA,2,,0,NA,,NA,,,
RCT0724,continuous,2,Mara,2,8,28,56,2,2,0,NA,2,,0,NA,,NA,,,
RCT0723,continuous,2,Mara,2,8,28,56,3,3,0,NA,3,,0,NA,,NA,,,
RCT0722,continuous,2,Mara,2,8,28,56,2,2,1,2,0,1,2,NA,no,2,,,
RCT0721,continuous,2,Mara,2,8,28,56,3,3,1,2,1,1,2,NA,no,2,,,
RCT0720,continuous,2,Mara,2,8,28,91,1,1,1,1,0,1,1,NA,no,1,,,
RCT0719,continuous,2,Mara,2,8,28,91,1,1,1,1,0,1,1,NA,no,1,,,
RCT0718,continuous,2,Mara,2,8,28,91,2,2,1,2,0,1,2,NA,no,2,,,
RCT0717,continuous,2,Mara,2,8,28,91,3,2,1,1,2,1,1,NA,no,1,,,
RCT0716,continuous,2,Mara,2,8,28,91,4,4,1,4,0,1,4,NA,no,4,,,
RCT0715,continuous,2,Mara,2,8,28,91,1,1,1,1,0,1,1,NA,no,1,,,
RCT0714,continuous,2,Mara,2,8,28,91,2,2,1,1,1,1,1,NA,no,1,,,
RCT0713,continuous,2,Mara,2,8,28,91,5,5,1,1,4,1,1,NA,no,1,,,
RCT0712,continuous,2,Mara,2,8,28,91,2,2,1,1,1,1,1,NA,no,1,,,
RCT0711,continuous,2,Mara,2,8,28,91,2,2,1,1,1,1,1,NA,no,1,,,
RCT0150,continuous,2,Mara,0,5,12,48,3,3,1,3,0,1,3,NA,no,3,,,
RCT0149,continuous,2,Mara,0,5,12,48,1,0,1,1,0,1,0,NA,no,1,,,
RCT0148,continuous,2,Mara,0,5,12,48,2,2,1,1,1,1,1,NA,no,1,,,
RCT0147,continuous,2,Mara,0,5,12,48,1,1,1,1,0,1,1,NA,no,1,,,
RCT0146,continuous,2,Mara,0,5,12,48,1,1,1,1,0,1,1,NA,no,1,,,
RCT0145,continuous,2,Mara,0,5,12,48,2,2,1,2,0,1,2,NA,no,2,,,
RCT0144,continuous,2,Mara,0,5,12,48,1,1,1,1,0,1,1,NA,no,1,,,
RCT0143,continuous,2,Mara,0,5,12,48,1,1,1,1,0,1,1,NA,no,1,,,
RCT0142,continuous,2,Mara,0,5,12,48,2,2,1,1,1,1,1,NA,no,1,,,
RCT0141,continuous,2,Mara,0,5,12,48,2,2,1,2,0,1,2,NA,no,2,,,
RCT0140,continuous,2,Mara,0,5,12,20,4,2,1,2,2,1,2,NA,no,2,,,
RCT0139,continuous,2,Mara,0,5,12,20,2,2,1,2,2,1,2,NA,no,2,,,
RCT0138,continuous,2,Mara,0,5,12,20,3,3,1,1,2,1,1,NA,no,1,,,
RCT0137,continuous,2,Mara,0,5,12,20,2,2,1,2,0,1,2,NA,no,2,,,
RCT0136,continuous,2,Mara,0,5,12,20,1,1,1,1,0,1,1,NA,no,1,,,
RCT0135,continuous,2,Mara,0,5,12,20,2,2,1,2,0,1,2,NA,no,2,,,
RCT0134,continuous,2,Mara,0,5,12,20,2,2,1,2,0,1,2,NA,no,2,,,
RCT0133,continuous,2,Mara,0,5,12,20,2,1,1,1,1,1,1,NA,no,1,,,
RCT0132,continuous,2,Mara,0,5,12,20,1,1,1,1,0,1,1,NA,no,1,,,
RCT0131,continuous,2,Mara,0,5,12,20,1,1,0,NA,1,,0,NA,,NA,,,
RCT0130,continuous,2,Mara,0,5,12,5,2,1,1,1,1,1,1,NA,no,1,,,
RCT0129,continuous,2,Mara,0,5,12,5,7,1,1,1,6,1,1,NA,no,1,,,
RCT0128,continuous,2,Mara,0,5,12,5,1,1,1,1,0,1,1,NA,no,1,,,
RCT0127,continuous,2,Mara,0,5,12,5,1,1,1,1,0,1,1,NA,no,1,,,
RCT0126,continuous,2,Mara,0,5,12,5,1,1,1,1,0,1,1,NA,no,1,,,
RCT0125,continuous,2,Mara,0,5,12,5,3,3,1,1,2,1,1,NA,no,1,,,
RCT0124,continuous,2,Mara,0,5,12,5,1,1,1,1,0,1,1,NA,no,1,,,
RCT0123,continuous,2,Mara,0,5,12,5,1,1,1,1,0,1,0,NA,no,1,,,
RCT0122,continuous,2,Mara,0,5,12,5,1,1,1,1,0,1,0,NA,no,1,,,
RCT0121,continuous,2,Mara,0,5,12,5,1,1,1,1,0,1,1,NA,no,1,,,
RCT0120,continuous,2,Mara,0,5,10,27,1,1,1,1,0,1,1,NA,no,1,,,
RCT0119,continuous,2,Mara,0,5,10,27,1,1,1,1,0,1,1,NA,no,1,,,
RCT0118,continuous,2,Mara,0,5,10,27,1,1,1,1,0,1,1,NA,no,1,,,
RCT0117,continuous,2,Mara,0,5,10,27,1,1,1,1,0,1,1,NA,no,1,,,
RCT0116,continuous,2,Mara,0,5,10,27,3,1,1,1,2,1,1,NA,no,1,,,
RCT0115,continuous,2,Mara,0,5,10,27,1,1,0,NA,1,,0,NA,,NA,,,
RCT0114,continuous,2,Mara,0,5,10,27,1,1,1,1,0,1,1,NA,no,1,,,
RCT0113,continuous,2,Mara,0,5,10,27,4,3,1,3,1,1,3,NA,no,3,,,
RCT0112,continuous,2,Mara,0,5,10,27,1,1,1,1,0,1,1,NA,no,1,,,
RCT0111,continuous,2,Mara,0,5,10,27,2,2,1,2,0,1,2,NA,no,2,,,
RCT0110,continuous,2,Mara,0,5,10,17,1,1,1,1,0,1,1,NA,no,1,,,
RCT0109,continuous,2,Mara,0,5,10,17,2,0,1,2,0,1,0,NA,no,2,,,
RCT0108,continuous,2,Mara,0,5,10,17,1,1,1,1,0,1,1,NA,no,1,,,
RCT0107,continuous,2,Mara,0,5,10,17,1,1,1,1,0,1,1,NA,no,1,,,
RCT0106,continuous,2,Mara,0,5,10,17,1,1,1,1,0,1,1,NA,no,1,,,
RCT0105,continuous,2,Mara,0,5,10,17,2,0,1,1,1,1,1,NA,no,1,,,
RCT0104,continuous,2,Mara,0,5,10,17,1,1,1,1,0,1,1,NA,no,1,,,
RCT0103,continuous,2,Mara,0,5,10,17,1,1,1,1,0,1,1,NA,no,1,,,
RCT0102,continuous,2,Mara,0,5,10,17,4,4,1,4,0,1,4,NA,no,4,,,
RCT0101,continuous,2,Mara,0,5,10,17,2,2,1,2,0,1,2,NA,no,2,,,
RCT0100,continuous,2,Mara,0,5,10,60,1,1,0,NA,1,,0,NA,,NA,,,
RCT0099,continuous,2,Mara,0,5,10,60,3,3,0,NA,3,,0,NA,,NA,,,
RCT0098,continuous,2,Mara,0,5,10,60,2,1,1,1,1,1,1,NA,no,1,,,
RCT0097,continuous,2,Mara,0,5,10,60,3,2,1,3,0,1,3,NA,no,3,,,
RCT0096,continuous,2,Mara,0,5,10,60,1,1,1,1,0,1,0,NA,no,1,,,
RCT0095,continuous,2,Mara,0,5,10,60,3,1,unknown,NA,0,,0,NA,,NA,,,
RCT0094,continuous,2,Mara,0,5,10,60,2,1,1,1,1,1,1,NA,no,1,,,
RCT0093,continuous,2,Mara,0,5,10,60,1,1,unknown,NA,0,,0,NA,,NA,,,
RCT0092,continuous,2,Mara,0,5,10,60,3,1,1,1,2,1,1,NA,no,1,,,
RCT0091,continuous,2,Mara,0,5,10,60,2,2,1,1,1,1,1,NA,no,1,,,
RCT0740,continuous,2,Mara,2,8,28,42,2,2,1,2,0,1,2,NA,no,2,,,
RCT0739,continuous,2,Mara,2,8,28,42,1,1,0,NA,1,,0,NA,,NA,,,
RCT0738,continuous,2,Mara,2,8,28,42,7,7,1,3,4,1,3,NA,no,3,,,
RCT0737,continuous,2,Mara,2,8,28,42,4,4,1,1,3,1,1,NA,no,1,,,
RCT0736,continuous,2,Mara,2,8,28,42,3,3,1,2,1,1,2,NA,no,2,,,
RCT0735,continuous,2,Mara,2,8,28,42,4,4,1,4,0,1,4,NA,no,4,,,
RCT0734,continuous,2,Mara,2,8,28,42,1,1,0,NA,1,,0,NA,,NA,,,
RCT0733,continuous,2,Mara,2,8,28,42,1,1,0,NA,1,,0,NA,,NA,,,
RCT0732,continuous,2,Mara,2,8,28,42,5,5,1,3,2,1,3,NA,no,3,,,
RCT0731,continuous,2,Mara,2,8,28,42,2,2,1,2,0,1,2,NA,no,2,,,
RCT0760,continuous,2,Mara,2,8,30,112,1,1,1,1,0,1,1,NA,no,1,,,
RCT0759,continuous,2,Mara,2,8,30,112,1,1,1,1,0,1,1,NA,no,1,,,
RCT0758,continuous,2,Mara,2,8,30,112,3,3,1,2,1,1,2,NA,no,2,,,
RCT0757,continuous,2,Mara,2,8,30,112,3,3,1,2,1,1,2,NA,no,1,,,
RCT0756,continuous,2,Mara,2,8,30,112,2,2,0,NA,2,,0,NA,,NA,,,
RCT0755,continuous,2,Mara,2,8,30,112,3,3,1,1,2,1,1,NA,no,1,,,
RCT0754,continuous,2,Mara,2,8,30,112,4,4,1,3,1,1,3,NA,no,3,,,
RCT0753,continuous,2,Mara,2,8,30,112,4,4,1,3,1,1,3,NA,no,3,,,
RCT0752,continuous,2,Mara,2,8,30,112,2,2,1,2,0,1,2,NA,no,2,,,
RCT0751,continuous,2,Mara,2,8,30,112,3,3,1,1,2,1,1,NA,no,1,,,
RCT0750,continuous,2,Mara,2,8,30,43,3,3,1,1,2,1,1,NA,no,1,,,
RCT0749,continuous,2,Mara,2,8,30,43,4,4,1,2,2,1,2,NA,no,2,,,
RCT0748,continuous,2,Mara,2,8,30,43,2,2,1,2,0,1,2,NA,no,2,,,
RCT0747,continuous,2,Mara,2,8,30,43,2,2,1,2,0,1,2,NA,no,2,,,
RCT0746,continuous,2,Mara,2,8,30,43,2,2,1,2,0,1,2,NA,no,2,,,
RCT0745,continuous,2,Mara,2,8,30,43,1,1,0,NA,1,,0,NA,,NA,,,
RCT0744,continuous,2,Mara,2,8,30,43,1,1,0,NA,1,,0,NA,,NA,,,
RCT0743,continuous,2,Mara,2,8,30,43,4,4,0,NA,4,,0,NA,,NA,,,
RCT0742,continuous,2,Mara,2,8,30,43,2,2,1,1,1,1,1,NA,no,1,,,
RCT0741,continuous,2,Mara,2,8,30,43,2,2,1,1,1,1,1,NA,no,1,,,
RCT0180,continuous,3,Mara,0,2,5,128,2,2,1,2,0,1,2,NA,no,2,,,
RCT0179,continuous,3,Mara,0,2,5,128,1,1,1,1,0,1,1,NA,no,1,,,
RCT0178,continuous,3,Mara,0,2,5,128,1,1,1,1,0,1,1,NA,no,1,,,
RCT0177,continuous,3,Mara,0,2,5,128,1,1,1,1,0,1,1,NA,no,1,,,
RCT0176,continuous,3,Mara,0,2,5,128,3,3,1,3,0,1,3,NA,no,3,,,
RCT0175,continuous,3,Mara,0,2,5,128,4,4,1,1,3,1,1,NA,no,1,,,
RCT0174,continuous,3,Mara,0,2,5,128,1,1,1,1,0,1,1,NA,no,1,,,
RCT0173,continuous,3,Mara,0,2,5,128,5,1,1,1,4,1,1,NA,no,1,,,
RCT0172,continuous,3,Mara,0,2,5,128,1,1,1,1,0,1,1,NA,no,1,,,
RCT0171,continuous,3,Mara,0,2,5,128,1,1,1,1,0,1,1,NA,no,1,,,
RCT0170,continuous,3,Mara,0,2,5,93,3,3,0,NA,3,,0,NA,,NA,,,
RCT0169,continuous,3,Mara,0,2,5,93,2,2,1,2,0,1,2,NA,no,2,,,
RCT0168,continuous,3,Mara,0,2,5,93,2,2,0,NA,2,,0,NA,,NA,,,
RCT0167,continuous,3,Mara,0,2,5,93,1,1,1,1,0,1,1,NA,no,1,,,
RCT0166,continuous,3,Mara,0,2,5,93,1,1,1,1,0,1,1,NA,no,1,,,
RCT0165,continuous,3,Mara,0,2,5,93,1,1,0,NA,1,,0,NA,,NA,,,
RCT0164,continuous,3,Mara,0,2,5,93,1,1,1,1,0,1,1,NA,no,1,,,
RCT0163,continuous,3,Mara,0,2,5,93,1,1,1,1,0,1,1,NA,no,1,,,
RCT0162,continuous,3,Mara,0,2,5,93,5,2,1,2,3,1,2,NA,no,2,,,
RCT0161,continuous,3,Mara,0,2,5,93,2,2,1,1,1,1,1,NA,no,2,,,
RCT0160,continuous,3,Mara,0,2,5,12,3,1,1,1,2,1,1,NA,no,1,,,
RCT0159,continuous,3,Mara,0,2,5,12,2,1,1,1,1,1,1,NA,no,1,,,
RCT0158,continuous,3,Mara,0,2,5,12,1,1,1,1,0,1,1,NA,no,1,,,
RCT0157,continuous,3,Mara,0,2,5,12,2,1,1,1,1,1,1,NA,no,1,,,
RCT0156,continuous,3,Mara,0,2,5,12,1,1,1,1,0,1,1,NA,no,1,,,
RCT0155,continuous,3,Mara,0,2,5,12,2,2,1,2,0,1,2,NA,no,2,,,
RCT0154,continuous,3,Mara,0,2,5,12,1,1,1,1,0,1,1,NA,no,1,,,
RCT0153,continuous,3,Mara,0,2,5,12,3,1,1,1,2,1,1,NA,no,1,,,
RCT0152,continuous,3,Mara,0,2,5,12,2,2,1,2,0,1,2,NA,no,2,,,
RCT0151,continuous,3,Mara,0,2,5,12,3,3,1,3,0,1,3,NA,no,3,,,
RCT0770,continuous,2,Mara,2,8,30,39,1,1,1,1,0,1,1,NA,no,1,,,
RCT0769,continuous,2,Mara,2,8,30,39,6,6,1,6,0,1,6,NA,no,6,,,
RCT0768,continuous,2,Mara,2,8,30,39,1,1,1,1,0,1,1,NA,no,1,,,
RCT0767,continuous,2,Mara,2,8,30,39,3,3,1,3,0,1,3,NA,no,3,,,
RCT0766,continuous,2,Mara,2,8,30,39,3,3,1,2,1,1,2,NA,no,2,,,
RCT0765,continuous,2,Mara,2,8,30,39,1,1,0,NA,1,,8,NA,,NA,,,
RCT0764,continuous,2,Mara,2,8,30,39,3,3,1,2,1,1,2,NA,no,2,,,
RCT0763,continuous,2,Mara,2,8,30,39,2,2,1,2,0,1,2,NA,no,2,,,
RCT0762,continuous,2,Mara,2,8,30,39,1,1,1,1,0,1,1,NA,no,1,,,
RCT0761,continuous,2,Mara,2,8,30,39,3,3,1,2,1,1,2,NA,no,2,,,
RCT0780,continuous,2,Mara,2,8,44,70,1,1,1,1,0,1,1,NA,no,1,,,
RCT0779,continuous,2,Mara,2,8,44,70,9,9,1,3,6,1,3,NA,no,3,,,
RCT0778,continuous,2,Mara,2,8,44,70,7,7,1,2,5,1,2,NA,no,2,,,
RCT0777,continuous,2,Mara,2,8,44,70,2,2,1,2,0,1,2,NA,no,2,,,
RCT0776,continuous,2,Mara,2,8,44,70,2,2,1,1,1,1,1,NA,no,1,,,
RCT0775,continuous,2,Mara,2,8,44,70,2,2,1,2,0,1,2,NA,no,2,,,
RCT0774,continuous,2,Mara,2,8,44,70,1,1,1,1,0,0,1,NA,no,1,,,
RCT0773,continuous,2,Mara,2,8,44,70,1,1,1,1,0,unknown,1,NA,no,1,,,
RCT0772,continuous,2,Mara,2,8,44,70,2,2,1,2,0,1,0,NA,no,2,,,
RCT0771,continuous,2,Mara,2,8,44,70,3,3,1,2,1,1,2,NA,no,2,,,
RCT0790,continuous,2,Mara,2,8,44,51,4,4,1,3,1,1,3,NA,no,3,,,
RCT0789,continuous,2,Mara,2,8,44,51,2,2,1,2,0,1,2,NA,no,2,,,
RCT0788,continuous,2,Mara,2,8,44,51,6,4,1,4,2,1,4,NA,no,4,,,
RCT0787,continuous,2,Mara,2,8,44,51,1,1,0,NA,1,,0,NA,,NA,,,
RCT0786,continuous,2,Mara,2,8,44,51,3,3,1,3,0,1,3,NA,no,3,,,
RCT0785,continuous,2,Mara,2,8,44,51,1,1,1,1,0,1,1,NA,no,1,,,
RCT0784,continuous,2,Mara,2,8,44,51,3,3,1,2,1,1,2,NA,no,2,,,
RCT0783,continuous,2,Mara,2,8,44,51,3,3,1,1,2,1,1,NA,no,1,,,
RCT0782,continuous,2,Mara,2,8,44,51,3,3,1,1,2,1,1,NA,no,1,,,
RCT0781,continuous,2,Mara,2,8,44,51,1,1,0,NA,1,,0,NA,,NA,,,
RCT0800,continuous,2,Mara,2,8,44,84,4,4,1,4,0,1,4,NA,no,4,,,
RCT0799,continuous,2,Mara,2,8,44,84,6,6,1,3,3,1,3,NA,no,3,,,
RCT0798,continuous,2,Mara,2,8,44,84,4,4,1,2,2,1,2,NA,no,2,,,
RCT0797,continuous,2,Mara,2,8,44,84,1,1,1,1,0,1,1,NA,no,1,,,
RCT0796,continuous,2,Mara,2,8,44,84,14,14,1,2,12,1,2,NA,no,2,,,
RCT0795,continuous,2,Mara,2,8,44,84,1,1,0,NA,1,,0,NA,,NA,,,
RCT0794,continuous,2,Mara,2,8,44,84,1,1,0,NA,1,,0,NA,,NA,,,
RCT0793,continuous,2,Mara,2,8,44,84,1,1,1,1,0,1,1,NA,no,1,,,
RCT0792,continuous,2,Mara,2,8,44,84,1,1,1,1,0,1,1,NA,no,1,,,
RCT0791,continuous,2,Mara,2,8,44,84,2,2,1,1,1,1,1,NA,no,1,,,
RCT0810,continuous,3,Mara,2,7,18,23,1,1,0,NA,1,,0,NA,,NA,,,
RCT0809,continuous,3,Mara,2,7,18,23,1,1,1,1,0,1,1,NA,no,1,,,
RCT0808,continuous,3,Mara,2,7,18,23,2,2,1,1,1,1,1,NA,no,1,,,
RCT0807,continuous,3,Mara,2,7,18,23,4,4,1,2,2,1,2,NA,no,2,,,
RCT0806,continuous,3,Mara,2,7,18,23,2,2,1,2,0,1,2,NA,no,2,,,
RCT0805,continuous,3,Mara,2,7,18,23,5,5,1,3,2,1,3,NA,no,3,,,
RCT0804,continuous,3,Mara,2,7,18,23,4,4,1,4,3,1,1,NA,no,1,,,
RCT0803,continuous,3,Mara,2,7,18,23,1,1,0,NA,1,,0,NA,,NA,,,
RCT0802,continuous,3,Mara,2,7,18,23,2,2,1,2,0,1,2,NA,no,2,,,
RCT0801,continuous,3,Mara,2,7,18,23,4,4,1,2,2,1,2,NA,no,2,,,
RCT0820,continuous,3,Mara,2,7,18,114,5,5,1,2,3,1,2,NA,no,2,,,
RCT0819,continuous,3,Mara,2,7,18,114,3,3,1,1,2,1,1,NA,no,1,,,
RCT0818,continuous,3,Mara,2,7,18,114,3,3,0,NA,3,,0,NA,,NA,,,
RCT0817,continuous,3,Mara,2,7,18,114,3,3,1,3,0,1,3,NA,no,3,,,
RCT0816,continuous,3,Mara,2,7,18,114,4,4,0,NA,4,,0,NA,,NA,,,
RCT0815,continuous,3,Mara,2,7,18,114,3,3,1,2,1,1,2,NA,no,2,,,
RCT0814,continuous,3,Mara,2,7,18,114,1,1,1,1,0,1,1,NA,no,1,,,
RCT0813,continuous,3,Mara,2,7,18,114,1,1,0,NA,1,,0,NA,,NA,,,
RCT0812,continuous,3,Mara,2,7,18,114,2,2,1,1,1,1,1,NA,no,1,,,
RCT0811,continuous,3,Mara,2,7,18,114,3,3,1,1,2,1,1,NA,no,1,,,
RCT0840,continuous,3,Mara,2,7,21,88,8,8,1,2,6,1,2,NA,no,2,,,
RCT0839,continuous,3,Mara,2,7,21,88,1,1,1,1,0,1,1,NA,no,1,,,
RCT0838,continuous,3,Mara,2,7,21,88,3,3,1,2,1,1,2,NA,no,2,,,
RCT0837,continuous,3,Mara,2,7,21,88,3,3,0,NA,3,,0,NA,,NA,,,
RCT0836,continuous,3,Mara,2,7,21,88,1,1,0,NA,1,,0,NA,,NA,,,
RCT0835,continuous,3,Mara,2,7,21,88,2,2,0,NA,2,,0,NA,,NA,,,
RCT0834,continuous,3,Mara,2,7,21,88,1,1,1,1,0,1,1,NA,no,1,,,
RCT0833,continuous,3,Mara,2,7,21,88,2,1,1,1,1,1,1,NA,no,1,,,
RCT0832,continuous,3,Mara,2,7,21,88,1,1,0,NA,1,,0,NA,,NA,,,
RCT0831,continuous,3,Mara,2,7,21,88,4,4,1,4,0,1,4,NA,no,4,,,
RCT0830,continuous,3,Mara,2,7,18,67,3,3,1,3,0,1,3,NA,no,3,,,
RCT0829,continuous,3,Mara,2,7,18,67,1,1,1,1,0,1,1,NA,no,1,,,
RCT0828,continuous,3,Mara,2,7,18,67,3,3,1,1,2,1,1,NA,no,1,,,
RCT0827,continuous,3,Mara,2,7,18,67,8,8,1,1,0,1,1,NA,no,1,,,
RCT0826,continuous,3,Mara,2,7,18,67,1,1,0,NA,1,,0,NA,,NA,,,
RCT0825,continuous,3,Mara,2,7,18,67,1,1,0,NA,1,,0,NA,,NA,,,
RCT0824,continuous,3,Mara,2,7,18,67,2,2,0,NA,2,,0,NA,,NA,,,
RCT0823,continuous,3,Mara,2,7,18,67,4,4,1,4,0,1,4,NA,no,0,,,
RCT0822,continuous,3,Mara,2,7,18,67,3,3,1,2,1,1,2,NA,no,2,,,
RCT0821,continuous,3,Mara,2,7,18,67,4,4,1,2,2,1,2,NA,no,2,,,
RCT0850,continuous,3,Mara,2,7,21,16,3,3,1,2,1,1,2,NA,no,2,,,
RCT0849,continuous,3,Mara,2,7,21,16,3,2,1,2,1,1,2,NA,no,2,,,
RCT0848,continuous,3,Mara,2,7,21,16,5,5,1,3,2,1,3,NA,no,3,,,
RCT0847,continuous,3,Mara,2,7,21,16,2,4,1,2,2,1,2,NA,no,2,,,
RCT0846,continuous,3,Mara,2,7,21,16,3,3,0,NA,3,,0,NA,,NA,,,
RCT0845,continuous,3,Mara,2,7,21,16,5,5,1,5,0,1,5,NA,no,5,,,
RCT0844,continuous,3,Mara,2,7,21,16,1,1,0,NA,1,,0,NA,,NA,,,
RCT0843,continuous,3,Mara,2,7,21,16,4,4,1,3,1,1,3,NA,no,3,,,
RCT0842,continuous,3,Mara,2,7,21,16,9,9,1,3,6,1,3,NA,no,0,,,
RCT0841,continuous,3,Mara,2,7,21,16,1,1,1,1,0,1,1,NA,no,1,,,
RCT0190,continuous,3,Mara,0,2,2,19,1,1,1,1,0,1,1,NA,no,1,,,
RCT0189,continuous,3,Mara,0,2,2,19,2,2,1,2,0,unknown,2,NA,no,0,,,
RCT0188,continuous,3,Mara,0,2,2,19,1,1,1,1,0,1,1,NA,no,1,,,
RCT0187,continuous,3,Mara,0,2,2,19,1,1,1,1,0,1,0,NA,no,1,,,
RCT0186,continuous,3,Mara,0,2,2,19,2,2,1,2,0,1,2,NA,no,2,,,
RCT0185,continuous,3,Mara,0,2,2,19,3,3,1,2,1,1,2,NA,no,2,,,
RCT0184,continuous,3,Mara,0,2,2,19,1,1,0,NA,1,,0,NA,,NA,,,
RCT0183,continuous,3,Mara,0,2,2,19,1,1,0,NA,1,,0,NA,,NA,,,
RCT0182,continuous,3,Mara,0,2,2,19,1,1,1,1,0,1,1,NA,no,1,,,
RCT0210,continuous,3,Mara,0,2,2,2,3,3,1,3,0,1,0,NA,no,3,,,
RCT0181,continuous,3,Mara,0,2,2,19,3,1,1,3,0,1,1,NA,no,3,,,
RCT0209,continuous,3,Mara,0,2,2,2,2,2,1,2,0,1,2,NA,no,2,,,
RCT0208,continuous,3,Mara,0,2,2,2,2,2,1,2,0,1,2,NA,no,2,,,
RCT0200,continuous,3,Mara,0,2,2,25,2,0,1,2,0,1,0,NA,no,2,,,
RCT0207,continuous,3,Mara,0,2,2,2,2,2,1,1,1,1,1,NA,no,1,,,
RCT0199,continuous,3,Mara,0,2,2,25,2,2,1,2,0,0,2,NA,no,0,,,
RCT0198,continuous,3,Mara,0,2,2,25,1,1,1,1,0,1,1,NA,no,1,,,
RCT0206,continuous,3,Mara,0,2,2,2,1,0,1,1,0,0,0,NA,no,0,,,
RCT0205,continuous,3,Mara,0,2,2,2,2,2,1,1,1,1,1,NA,no,1,,,
RCT0197,continuous,3,Mara,0,2,2,25,1,1,0,NA,1,,0,NA,,NA,,,
RCT0204,continuous,3,Mara,0,2,2,2,2,1,1,1,1,0,0,NA,no,0,,,
RCT0196,continuous,3,Mara,0,2,2,25,1,1,1,1,0,1,1,NA,no,0,,,
RCT0203,continuous,3,Mara,0,2,2,2,1,0,1,1,0,1,0,NA,no,1,,,
RCT0195,continuous,3,Mara,0,2,2,25,4,4,1,2,2,1,2,NA,no,2,,,
RCT0202,continuous,3,Mara,0,2,2,2,1,1,1,1,0,0,1,NA,no,0,,,
RCT0194,continuous,3,Mara,0,2,2,25,2,2,1,2,0,1,2,NA,no,2,,,
RCT0193,continuous,3,Mara,0,2,2,25,2,1,1,1,1,1,0,NA,no,1,,,
RCT0201,continuous,3,Mara,0,2,2,2,2,2,1,2,0,0,2,NA,no,0,,,
RCT0192,continuous,3,Mara,0,2,2,25,1,0,1,1,0,1,0,NA,no,1,,,
RCT0191,continuous,3,Mara,0,2,2,25,1,1,1,1,0,1,1,NA,no,1,,,
RCT1262,pulse,0,Mara,1,3,6,119,1,1,1,1,0,1,1,1,yes,1,,,
RCT1261,pulse,0,Mara,1,3,6,119,2,1,1,2,0,1,2,NA,no,2,,,
RCT1260,pulse,0,Mara,1,3,6,119,1,1,0,NA,1,,1,NA,,NA,,,
RCT1259,pulse,0,Mara,1,3,6,119,2,2,1,2,1,1,1,1,yes,1,,,
RCT1258,pulse,0,Mara,1,3,6,119,2,2,1,2,1,1,1,NA,no,1,,,
RCT1257,pulse,0,Mara,1,3,6,119,1,1,1,1,0,1,1,NA,no,1,,,
RCT1256,pulse,0,Mara,1,3,6,119,1,1,0,NA,1,,1,NA,,NA,,,
RCT1255,pulse,0,Mara,1,3,6,119,6,2,1,2,0,1,1,NA,no,2,,,
RCT1254,pulse,0,Mara,1,3,6,119,1,1,1,1,0,1,0,1,yes,1,,,
RCT1232,pulse,0,Mara,1,3,6,119,1,1,0,NA,1,,0,NA,,NA,,,
RCT1242,pulse,0,Mara,1,3,6,126,1,1,1,1,0,0,1,NA,no,0,,,
RCT1241,pulse,0,Mara,1,3,6,126,4,3,1,2,2,1,0,NA,no,2,,,
RCT1252,pulse,0,Mara,1,3,6,124,1,1,1,1,0,1,1,NA,no,1,,,
RCT1251,pulse,0,Mara,1,3,6,124,3,3,1,3,0,1,1,NA,no,3,,,
RCT1250,pulse,0,Mara,1,3,6,124,1,1,1,1,0,1,1,NA,no,1,,,
RCT1249,pulse,0,Mara,1,3,6,124,1,1,0,NA,1,,0,NA,,NA,,,
RCT1248,pulse,0,Mara,1,3,6,124,1,1,0,NA,1,,0,NA,,NA,,,
RCT1247,pulse,0,Mara,1,3,6,124,3,3,1,1,2,1,1,NA,no,1,,,
RCT1246,pulse,0,Mara,1,3,6,124,1,1,1,1,0,1,1,NA,no,1,,,
RCT1245,pulse,0,Mara,1,3,6,124,1,1,0,NA,1,,0,NA,,NA,,,
RCT1244,pulse,0,Mara,1,3,6,124,7,7,1,1,0,1,1,NA,no,1,,,
RCT1243,pulse,0,Mara,1,3,6,124,2,2,1,1,1,1,1,NA,no,1,,,
RCT0860,continuous,3,Mara,2,7,21,36,2,2,1,2,0,1,2,NA,no,2,,,
RCT0859,continuous,3,Mara,2,7,21,36,5,5,1,2,3,1,2,NA,no,2,,,
RCT0858,continuous,3,Mara,2,7,21,36,3,3,1,3,0,1,3,NA,no,3,,,
RCT0857,continuous,3,Mara,2,7,21,36,2,2,0,NA,2,,0,NA,,NA,,,
RCT0856,continuous,3,Mara,2,7,21,36,3,3,1,3,0,1,3,NA,no,3,,,
RCT0855,continuous,3,Mara,2,7,21,36,1,1,1,1,0,1,1,NA,no,1,,,
RCT0854,continuous,3,Mara,2,7,21,36,1,1,1,1,0,1,1,NA,no,1,,,
RCT0853,continuous,3,Mara,2,7,21,36,3,3,1,3,0,1,3,NA,no,3,,,
RCT0852,continuous,3,Mara,2,7,21,36,1,1,0,NA,1,,0,NA,,NA,,,
RCT0851,continuous,3,Mara,2,7,21,36,3,3,1,3,0,1,3,NA,no,3,,,
RCT0870,pulse,0,Mara,2,10,33,74,3,3,0,NA,3,,0,NA,,NA,,,
RCT0869,pulse,0,Mara,2,10,33,74,3,3,0,NA,3,,0,NA,,NA,,,
RCT0868,pulse,0,Mara,2,10,33,74,1,1,0,NA,1,,0,NA,,NA,,,
RCT0867,pulse,0,Mara,2,10,33,74,2,2,0,NA,2,,0,NA,,NA,,,
RCT0866,pulse,0,Mara,2,10,33,74,1,1,0,NA,1,,0,NA,,NA,,,
RCT0865,pulse,0,Mara,2,10,33,74,3,0,0,NA,3,,0,NA,,NA,,,
RCT0864,pulse,0,Mara,2,10,33,74,1,1,0,NA,1,,0,NA,,NA,,,
RCT0863,pulse,0,Mara,2,10,33,74,5,5,0,NA,5,,0,NA,,NA,,,
RCT0862,pulse,0,Mara,2,10,33,74,2,2,0,NA,2,,0,NA,,NA,,,
RCT0861,pulse,0,Mara,2,10,33,74,3,3,0,NA,3,,0,NA,,NA,,,
RCT0880,pulse,0,Mara,2,10,33,92,11,11,1,1,10,1,1,NA,no,1,,,
RCT0879,pulse,0,Mara,2,10,33,92,1,1,0,NA,1,,0,NA,,NA,,,
RCT0878,pulse,0,Mara,2,10,33,92,1,1,1,1,0,1,1,NA,no,1,,,
RCT0877,pulse,0,Mara,2,10,33,92,3,3,1,2,1,1,2,NA,no,2,,,
RCT0876,pulse,0,Mara,2,10,33,92,3,3,0,NA,3,,0,NA,,NA,,,
RCT0875,pulse,0,Mara,2,10,33,92,3,3,0,NA,3,,0,NA,,NA,,,
RCT0874,pulse,0,Mara,2,10,33,92,2,2,0,NA,2,,0,NA,,NA,,,
RCT0873,pulse,0,Mara,2,10,33,92,1,1,0,NA,1,,0,NA,,NA,,,
RCT0872,pulse,0,Mara,2,10,33,92,2,2,0,NA,2,,0,NA,,NA,,,
RCT0871,pulse,0,Mara,2,10,33,92,1,1,0,NA,1,,0,NA,,NA,,,
RCT0240,continuous,3,Mara,0,2,4,120,2,2,1,2,0,0,2,NA,no,0,,,
RCT0239,continuous,3,Mara,0,2,4,120,8,8,1,1,7,1,1,NA,no,1,,,
RCT0238,continuous,3,Mara,0,2,4,120,1,0,1,1,0,1,0,NA,no,1,,,
RCT0237,continuous,3,Mara,0,2,4,120,2,2,1,2,0,0,2,NA,no,0,,,
RCT0236,continuous,3,Mara,0,2,4,120,1,0,1,1,0,1,0,NA,no,1,,,
RCT0235,continuous,3,Mara,0,2,4,120,1,1,1,1,0,0,1,NA,no,0,,,
RCT0234,continuous,3,Mara,0,2,4,120,1,1,0,NA,1,,0,NA,,NA,,,
RCT0233,continuous,3,Mara,0,2,4,120,1,1,1,1,0,1,1,NA,no,1,,,
RCT0232,continuous,3,Mara,0,2,4,120,1,0,0,NA,1,,0,NA,,NA,,,
RCT0231,continuous,3,Mara,0,2,4,120,2,2,1,2,0,1,2,NA,no,2,,,
RCT0230,continuous,3,Mara,0,2,4,77,1,1,0,NA,1,,0,NA,,NA,,,
RCT0229,continuous,3,Mara,0,2,4,77,1,1,0,NA,1,,0,NA,,NA,,,
RCT0228,continuous,3,Mara,0,2,4,77,2,2,1,1,1,1,1,NA,no,1,,,
RCT0227,continuous,3,Mara,0,2,4,77,1,0,1,1,0,1,0,NA,no,1,,,
RCT0226,continuous,3,Mara,0,2,4,77,2,0,1,2,0,1,0,NA,no,2,,,
RCT0225,continuous,3,Mara,0,2,4,77,1,0,1,1,0,1,0,NA,no,1,,,
RCT0224,continuous,3,Mara,0,2,4,77,1,1,1,1,0,1,0,NA,no,1,,,
RCT0223,continuous,3,Mara,0,2,4,77,3,3,1,3,0,0,3,NA,no,0,,,
RCT0222,continuous,3,Mara,0,2,4,77,2,2,1,2,0,1,2,NA,no,2,,,
RCT0221,continuous,3,Mara,0,2,4,77,3,0,1,3,0,0,0,NA,no,0,,,
RCT0220,continuous,3,Mara,0,2,4,61,1,0,1,1,0,0,0,NA,no,0,,,
RCT0219,continuous,3,Mara,0,2,4,61,1,1,0,NA,1,,0,NA,,NA,,,
RCT0218,continuous,3,Mara,0,2,4,61,1,1,0,NA,1,,0,NA,,NA,,,
RCT0217,continuous,3,Mara,0,2,4,61,2,2,1,2,0,0,2,NA,no,0,,,
RCT0216,continuous,3,Mara,0,2,4,61,1,1,1,1,0,1,1,NA,no,1,,,
RCT0215,continuous,3,Mara,0,2,4,61,2,1,1,1,1,1,1,NA,no,1,,,
RCT0214,continuous,3,Mara,0,2,4,61,2,2,1,2,0,0,2,NA,no,0,,,
RCT0213,continuous,3,Mara,0,2,4,61,2,1,1,2,0,1,1,NA,no,2,,,
RCT0212,continuous,3,Mara,0,2,4,61,1,1,1,1,0,0,1,NA,no,0,,,
RCT0211,continuous,3,Mara,0,2,4,61,1,1,1,1,0,1,1,NA,no,1,,,
RCT0890,pulse,0,Mara,2,10,33,47,2,2,0,NA,2,,0,NA,,NA,,,
RCT0889,pulse,0,Mara,2,10,33,47,4,4,0,NA,4,,0,NA,,NA,,,
RCT0888,pulse,0,Mara,2,10,33,47,1,1,0,NA,1,,0,NA,,NA,,,
RCT0887,pulse,0,Mara,2,10,33,47,3,3,0,NA,3,,0,NA,,NA,,,
RCT0886,pulse,0,Mara,2,10,33,47,2,2,0,NA,2,,0,NA,,NA,,,
RCT0885,pulse,0,Mara,2,10,33,47,2,2,0,NA,2,,0,NA,,NA,,,
RCT0884,pulse,0,Mara,2,10,33,47,3,3,0,NA,3,,0,NA,,NA,,,
RCT0883,pulse,0,Mara,2,10,33,47,4,4,0,NA,4,,0,NA,,NA,,,
RCT0882,pulse,0,Mara,2,10,33,47,1,1,0,NA,1,,0,NA,,NA,,,
RCT0881,pulse,0,Mara,2,10,33,47,5,5,0,NA,5,,0,NA,,NA,,,
RCT0900,pulse,0,Mara,2,10,36,94,3,3,0,NA,3,,0,NA,,NA,,,
RCT0899,pulse,0,Mara,2,10,36,94,4,4,1,1,3,1,1,NA,no,1,,,
RCT0898,pulse,0,Mara,2,10,36,94,2,2,0,NA,2,,0,NA,,NA,,,
RCT0897,pulse,0,Mara,2,10,36,94,5,5,1,1,4,1,1,NA,no,1,,,
RCT0896,pulse,0,Mara,2,10,36,94,4,4,0,NA,4,,0,NA,,NA,,,
RCT0895,pulse,0,Mara,2,10,36,94,2,2,0,NA,2,,0,NA,,NA,,,
RCT0894,pulse,0,Mara,2,10,36,94,2,2,0,NA,2,,0,NA,,NA,,,
RCT0893,pulse,0,Mara,2,10,36,94,1,1,0,NA,1,,0,NA,,NA,,,
RCT0892,pulse,0,Mara,2,10,36,94,1,1,0,NA,1,,0,NA,,NA,,,
RCT0891,pulse,0,Mara,2,10,36,94,1,1,1,1,0,1,1,NA,no,1,,,
RCT0910,pulse,0,Mara,2,10,36,89,4,4,1,2,2,1,2,NA,no,2,,,
RCT0909,pulse,0,Mara,2,10,36,89,2,2,1,1,1,1,1,NA,no,1,,,
RCT0908,pulse,0,Mara,2,10,36,89,2,2,0,NA,2,,0,NA,,NA,,,
RCT0907,pulse,0,Mara,2,10,36,89,2,2,0,NA,2,,0,NA,,NA,,,
RCT0906,pulse,0,Mara,2,10,36,89,2,2,0,NA,2,,0,NA,,NA,,,
RCT0905,pulse,0,Mara,2,10,36,89,1,1,1,1,0,1,1,NA,no,1,,,
RCT0904,pulse,0,Mara,2,10,36,89,1,1,0,NA,1,,0,NA,,NA,,,
RCT0903,pulse,0,Mara,2,10,36,89,2,2,0,NA,2,,0,NA,,NA,,,
RCT0902,pulse,0,Mara,2,10,36,89,1,1,1,1,0,1,1,NA,no,1,,,
RCT0901,pulse,0,Mara,2,10,36,89,3,3,1,2,1,1,2,NA,no,2,,,
RCT0270,continuous,1,Mara,0,6,16,38,2,2,1,1,1,1,1,NA,no,1,,,
RCT0269,continuous,1,Mara,0,6,16,38,1,1,1,1,0,1,1,NA,no,1,,,
RCT0268,continuous,1,Mara,0,6,16,38,1,1,0,NA,1,,0,NA,,NA,,,
RCT0267,continuous,1,Mara,0,6,16,38,1,1,0,NA,1,,0,NA,,NA,,,
RCT0266,continuous,1,Mara,0,6,16,38,1,1,1,1,0,1,1,NA,no,1,,,
RCT0265,continuous,1,Mara,0,6,16,38,2,2,1,1,1,1,1,NA,no,1,,,
RCT0264,continuous,1,Mara,0,6,16,38,1,1,1,1,0,1,1,NA,no,1,,,
RCT0263,continuous,1,Mara,0,6,16,38,3,2,1,2,1,1,2,NA,no,2,,,
RCT0262,continuous,1,Mara,0,6,16,38,1,1,1,1,0,1,1,NA,no,1,,,
RCT0261,continuous,1,Mara,0,6,16,38,1,1,1,1,0,1,1,NA,no,1,,,
RCT0260,continuous,1,Mara,0,6,16,80,1,1,0,NA,1,,0,NA,,NA,,,
RCT0259,continuous,1,Mara,0,6,16,80,2,2,1,2,0,1,2,NA,no,2,,,
RCT0258,continuous,1,Mara,0,6,16,80,1,1,1,1,0,1,1,NA,no,1,,,
RCT0257,continuous,1,Mara,0,6,16,80,1,1,1,1,0,1,1,NA,no,1,,,
RCT0256,continuous,1,Mara,0,6,16,80,2,2,1,2,0,1,2,NA,no,2,,,
RCT0255,continuous,1,Mara,0,6,16,80,3,3,1,3,0,1,3,NA,no,3,,,
RCT0254,continuous,1,Mara,0,6,16,80,6,6,1,6,0,1,6,NA,no,6,,,
RCT0253,continuous,1,Mara,0,6,16,80,3,3,1,3,0,1,3,NA,no,3,,,
RCT0252,continuous,1,Mara,0,6,16,80,1,1,1,1,0,1,1,NA,no,1,,,
RCT0251,continuous,1,Mara,0,6,16,80,2,2,1,2,0,1,2,NA,no,2,,,
RCT0250,continuous,1,Mara,0,6,16,72,9,2,1,2,7,1,2,NA,no,2,,,
RCT0249,continuous,1,Mara,0,6,16,72,1,1,1,1,0,1,1,NA,no,1,,,
RCT0248,continuous,1,Mara,0,6,16,72,3,3,1,3,0,1,3,NA,no,3,,,
RCT0247,continuous,1,Mara,0,6,16,72,4,2,1,2,2,1,2,NA,no,2,,,
RCT0246,continuous,1,Mara,0,6,16,72,4,1,1,1,3,1,1,NA,no,1,,,
RCT0245,continuous,1,Mara,0,6,16,72,2,1,1,1,1,1,1,NA,no,1,,,
RCT0244,continuous,1,Mara,0,6,16,72,7,3,1,3,4,1,3,NA,no,3,,,
RCT0243,continuous,1,Mara,0,6,16,72,1,1,1,1,0,1,1,NA,no,1,,,
RCT0242,continuous,1,Mara,0,6,16,72,2,2,1,2,0,1,2,NA,no,2,,,
RCT0241,continuous,1,Mara,0,6,16,72,1,1,1,1,0,1,1,NA,no,1,,,
RCT0920,pulse,0,Mara,2,10,36,8,1,1,0,NA,1,,0,NA,,NA,,,
RCT0919,pulse,0,Mara,2,10,36,8,1,1,0,NA,1,,0,NA,,NA,,,
RCT0918,pulse,0,Mara,2,10,36,8,3,3,0,NA,3,,0,NA,,NA,,,
RCT0916,pulse,0,Mara,2,10,36,8,1,1,0,NA,1,,0,NA,,NA,,,
RCT0915,pulse,0,Mara,2,10,36,8,3,3,1,1,2,1,1,NA,no,1,,,
RCT0914,pulse,0,Mara,2,10,36,8,3,3,1,3,0,1,0,3,yes,3,,,
RCT0913,pulse,0,Mara,2,10,36,8,1,1,0,NA,1,,0,NA,,NA,,,
RCT0912,pulse,0,Mara,2,10,36,8,1,1,1,1,0,1,1,NA,no,1,,,
RCT0911,pulse,0,Mara,2,10,36,8,1,1,1,1,0,1,1,NA,no,1,,,
RCT1272,pulse,0,Mara,1,3,26,78,3,3,1,3,2,1,1,NA,no,1,,,
RCT1271,pulse,0,Mara,1,3,26,78,1,1,1,1,0,1,1,NA,no,1,,,
RCT1270,pulse,0,Mara,1,3,26,78,1,1,1,1,0,1,1,NA,no,1,,,
RCT1269,pulse,0,Mara,1,3,26,78,1,1,0,NA,1,,0,NA,,NA,,,
RCT1302,pulse,0,Mara,1,3,24,71,2,2,1,1,0,1,1,NA,no,1,,,
RCT1301,pulse,0,Mara,1,3,24,71,1,1,0,NA,1,,0,NA,,NA,,,
RCT1300,pulse,0,Mara,1,3,24,71,2,2,1,2,0,1,2,NA,no,2,,,
RCT1299,pulse,0,Mara,1,3,24,71,3,3,0,NA,3,,0,NA,,NA,,,
RCT1282,pulse,0,Mara,1,3,26,21,4,2,1,1,3,1,0,NA,no,1,,,
RCT1281,pulse,0,Mara,1,3,26,21,4,2,1,3,3,1,2,NA,no,3,,,
RCT1280,pulse,0,Mara,1,3,26,21,2,3,0,NA,2,,0,NA,,NA,,,
RCT1279,pulse,0,Mara,1,3,26,21,1,1,1,1,0,1,1,NA,no,1,,,
RCT1278,pulse,0,Mara,1,3,26,21,3,2,1,1,2,1,1,NA,no,1,,,
RCT1277,pulse,0,Mara,1,3,26,21,3,3,1,1,2,1,1,NA,no,1,,,
RCT1276,pulse,0,Mara,1,3,26,21,1,1,0,NA,1,,0,NA,,NA,,,
RCT1275,pulse,0,Mara,1,3,26,21,2,2,1,2,0,1,2,NA,no,2,,,
RCT1274,pulse,0,Mara,1,3,26,21,4,4,1,1,3,1,1,NA,no,1,,,
RCT1273,pulse,0,Mara,1,3,26,21,3,1,1,2,1,1,0,NA,no,2,,,
RCT1292,pulse,0,Mara,1,3,26,59,1,1,1,1,0,1,0,NA,no,1,,,
RCT1291,pulse,0,Mara,1,3,26,59,1,1,0,NA,1,,0,NA,,NA,,,
RCT1290,pulse,0,Mara,1,3,26,59,1,2,0,NA,1,,0,NA,,NA,,,
RCT1289,pulse,0,Mara,1,3,26,59,1,1,0,NA,1,,1,NA,,NA,,,
RCT1288,pulse,0,Mara,1,3,26,59,3,1,1,1,2,1,1,NA,no,1,,,
RCT1287,pulse,0,Mara,1,3,26,59,3,3,1,1,2,1,1,NA,no,1,,,
RCT1286,pulse,0,Mara,1,3,26,59,4,4,1,4,0,1,4,NA,no,4,,,
RCT1285,pulse,0,Mara,1,3,26,59,3,3,1,3,0,1,1,2,yes,3,,,
RCT0310,continuous,1,Mara,0,6,13,76,1,1,1,1,0,1,1,NA,no,1,,,
RCT0309,continuous,1,Mara,0,6,13,76,3,2,1,2,1,0,1,NA,no,0,,,
RCT0308,continuous,1,Mara,0,6,13,76,2,2,1,2,0,1,1,NA,no,2,,,
RCT0307,continuous,1,Mara,0,6,13,76,3,3,1,1,2,1,1,NA,no,1,,,
RCT0306,continuous,1,Mara,0,6,13,76,1,1,0,NA,1,,0,NA,,NA,,,
RCT0305,continuous,1,Mara,0,6,13,76,2,2,0,NA,2,,0,NA,,NA,,,
RCT0304,continuous,1,Mara,0,6,13,76,2,0,1,1,1,0,0,NA,no,0,,,
RCT0303,continuous,1,Mara,0,6,13,76,1,1,0,NA,1,,0,NA,,NA,,,
RCT0302,continuous,1,Mara,0,6,13,76,2,2,0,NA,2,,0,NA,,NA,,,
RCT0301,continuous,1,Mara,0,6,13,76,2,1,1,2,0,1,1,NA,no,2,,,
RCT0320,continuous,1,Mara,0,6,13,95,1,1,1,1,0,1,0,1,yes,1,,,
RCT0319,continuous,1,Mara,0,6,13,95,3,3,1,3,0,1,3,NA,no,3,,,
RCT0318,continuous,1,Mara,0,6,13,95,1,1,1,1,0,1,1,NA,no,1,,,
RCT0317,continuous,1,Mara,0,6,13,95,1,1,0,NA,1,,0,NA,,NA,,,
RCT0316,continuous,1,Mara,0,6,13,95,1,1,0,NA,1,,0,NA,,NA,,,
RCT0315,continuous,1,Mara,0,6,13,95,1,1,0,NA,1,,0,NA,,NA,,,
RCT0314,continuous,1,Mara,0,6,13,95,3,1,1,2,1,1,0,NA,no,2,,,
RCT0313,continuous,1,Mara,0,6,13,95,3,3,0,NA,3,,0,NA,,NA,,,
RCT0312,continuous,1,Mara,0,6,13,95,2,2,1,2,0,1,2,NA,no,2,,,
RCT0311,continuous,1,Mara,0,6,13,95,3,3,0,NA,3,,0,NA,,NA,,,
RCT0330,continuous,1,Mara,0,6,13,31,2,1,1,1,1,1,0,NA,no,1,,,
RCT0329,continuous,1,Mara,0,6,13,31,1,1,1,1,0,0,1,NA,no,0,,,
RCT0328,continuous,1,Mara,0,6,13,31,1,1,0,NA,1,,0,NA,,NA,,,
RCT0327,continuous,1,Mara,0,6,13,31,2,2,1,2,0,0,2,NA,no,0,,,
RCT0326,continuous,1,Mara,0,6,13,31,4,4,1,2,2,1,2,NA,no,2,,,
RCT0325,continuous,1,Mara,0,6,13,31,3,3,1,2,1,1,2,NA,no,2,,,
RCT0324,continuous,1,Mara,0,6,13,31,1,1,1,1,0,1,1,NA,no,1,,,
RCT0323,continuous,1,Mara,0,6,13,31,1,1,1,1,0,1,1,NA,no,1,,,
RCT0322,continuous,1,Mara,0,6,13,31,1,1,0,NA,1,,0,NA,,NA,,,
RCT0321,continuous,1,Mara,0,6,13,31,2,2,1,2,0,0,2,NA,no,0,,,
RCT0300,continuous,1,Mara,0,6,14,40,1,1,1,1,0,1,1,NA,no,1,,,
RCT0299,continuous,1,Mara,0,6,14,40,3,3,1,1,2,1,1,NA,no,1,,,
RCT0298,continuous,1,Mara,0,6,14,40,2,2,1,1,1,1,1,NA,no,11,,,
RCT0297,continuous,1,Mara,0,6,14,40,1,1,1,1,0,1,1,NA,no,1,,,
RCT0296,continuous,1,Mara,0,6,14,40,1,1,1,1,0,1,1,NA,no,1,,,
RCT0295,continuous,1,Mara,0,6,14,40,2,2,1,1,1,1,1,NA,no,1,,,
RCT0294,continuous,1,Mara,0,6,14,40,2,2,1,1,1,1,1,NA,no,1,,,
RCT0293,continuous,1,Mara,0,6,14,40,3,3,1,2,1,1,2,NA,no,2,,,
RCT0292,continuous,1,Mara,0,6,14,40,4,4,1,2,2,1,2,NA,no,2,,,
RCT0291,continuous,1,Mara,0,6,14,40,2,2,0,NA,2,,0,NA,,NA,,,
RCT0290,continuous,1,Mara,0,6,14,109,1,1,0,NA,1,,0,NA,,NA,,,
RCT0289,continuous,1,Mara,0,6,14,109,1,1,1,1,0,1,1,NA,no,1,,,
RCT0288,continuous,1,Mara,0,6,14,109,3,3,1,3,0,1,3,NA,no,3,,,
RCT0287,continuous,1,Mara,0,6,14,109,1,1,1,1,0,1,1,NA,no,1,,,
RCT0286,continuous,1,Mara,0,6,14,109,2,2,0,NA,2,,0,NA,,NA,,,
RCT0285,continuous,1,Mara,0,6,14,109,4,4,1,4,0,1,4,NA,no,4,,,
RCT0284,continuous,1,Mara,0,6,14,109,5,4,1,4,1,1,4,NA,no,4,,,
RCT0283,continuous,1,Mara,0,6,14,109,4,4,1,1,3,1,1,NA,no,1,,,
RCT0282,continuous,1,Mara,0,6,14,109,1,1,0,NA,1,,0,NA,,NA,,,
RCT0281,continuous,1,Mara,0,6,14,109,1,1,0,NA,1,,0,NA,,NA,,,
RCT0280,continuous,1,Mara,0,6,14,10,3,3,1,2,1,1,2,NA,no,2,,,
RCT0279,continuous,1,Mara,0,6,14,10,2,2,0,NA,2,,0,NA,,NA,,,
RCT0277,continuous,1,Mara,0,6,14,10,2,2,1,2,0,1,2,NA,no,2,,,
RCT0277,continuous,1,Mara,0,6,14,10,4,3,1,3,1,1,3,NA,no,3,,,
RCT0276,continuous,1,Mara,0,6,14,10,3,3,1,2,1,1,2,NA,no,2,,,
RCT0275,continuous,1,Mara,0,6,14,10,1,1,1,1,0,1,1,NA,no,1,,,
RCT0274,continuous,1,Mara,0,6,14,10,2,2,1,2,0,1,2,NA,no,2,,,
RCT0273,continuous,1,Mara,0,6,14,10,1,1,1,1,0,1,1,NA,no,1,,,
RCT0272,continuous,1,Mara,0,6,14,10,1,1,1,1,0,1,1,NA,no,1,,,
RCT0271,continuous,1,Mara,0,6,14,10,2,2,1,2,0,1,2,NA,no,2,,,
RCT0350,continuous,1,Mara,0,6,15,83,2,2,1,2,0,1,2,NA,no,2,,,
RCT0349,continuous,1,Mara,0,6,15,83,1,1,1,1,0,1,1,NA,no,1,,,
RCT0348,continuous,1,Mara,0,6,15,83,1,1,0,NA,1,,0,NA,,NA,,,
RCT0347,continuous,1,Mara,0,6,15,83,1,1,1,1,0,1,1,NA,no,1,,,
RCT0346,continuous,1,Mara,0,6,15,83,1,1,1,1,0,1,1,NA,no,1,,,
RCT0345,continuous,1,Mara,0,6,15,83,2,2,1,1,1,1,1,NA,no,1,,,
RCT0344,continuous,1,Mara,0,6,15,83,1,1,1,1,0,1,1,NA,no,1,,,
RCT0343,continuous,1,Mara,0,6,15,83,1,1,1,1,0,1,1,NA,no,1,,,
RCT0342,continuous,1,Mara,0,6,15,83,1,1,1,1,0,1,1,NA,no,1,,,
RCT0341,continuous,1,Mara,0,6,15,83,1,1,0,NA,1,,1,NA,,NA,,,
RCT0340,continuous,1,Mara,0,6,15,30,1,1,0,NA,1,,0,NA,,NA,,,
RCT0339,continuous,1,Mara,0,6,15,30,1,1,1,1,0,1,1,NA,no,1,,,
RCT0338,continuous,1,Mara,0,6,15,30,1,1,1,1,0,1,1,NA,no,1,,,
RCT0337,continuous,1,Mara,0,6,15,30,1,1,1,1,0,1,1,NA,no,1,,,
RCT0336,continuous,1,Mara,0,6,15,30,2,2,1,2,0,1,2,NA,no,2,,,
RCT0335,continuous,1,Mara,0,6,15,30,2,2,1,1,1,1,1,NA,no,1,,,
RCT0334,continuous,1,Mara,0,6,15,30,1,1,1,1,0,1,1,NA,no,1,,,
RCT0333,continuous,1,Mara,0,6,15,30,1,1,1,1,0,1,1,NA,no,1,,,
RCT0332,continuous,1,Mara,0,6,15,30,1,1,0,NA,1,,0,NA,,NA,,,
RCT0331,continuous,1,Mara,0,6,15,30,2,2,1,2,0,1,2,NA,no,2,,,
RCT1351,pulse,0,Mara,1,3,19,50,1,1,0,NA,1,,0,NA,,NA,,,
RCT1350,pulse,0,Mara,1,3,19,50,2,2,1,2,0,1,2,NA,no,2,,,
RCT1348,pulse,0,Mara,1,3,19,50,2,2,1,1,1,1,1,NA,no,1,,,
RCT1347,pulse,0,Mara,1,3,19,50,1,1,0,NA,1,,0,NA,,NA,,,
RCT1346,pulse,0,Mara,1,3,19,50,2,2,0,NA,2,,0,NA,,NA,,,
RCT1345,pulse,0,Mara,1,3,19,50,2,2,1,1,0,1,1,NA,no,1,,,
RCT1344,pulse,0,Mara,1,3,19,50,1,1,1,1,0,1,1,NA,no,1,,,
RCT1343,pulse,0,Mara,1,3,19,50,1,1,1,1,0,1,1,NA,no,1,,,
RCT1342,pulse,0,Mara,1,3,19,67,2,2,1,2,0,1,2,NA,no,2,,,
RCT1341,pulse,0,Mara,1,3,19,67,2,2,1,1,1,1,1,NA,no,1,,,
RCT1340,pulse,0,Mara,1,3,19,67,2,1,1,2,0,1,1,NA,no,2,,,
RCT1339,pulse,0,Mara,1,3,19,67,1,1,0,NA,0,,0,NA,,NA,,,
RCT1338,pulse,0,Mara,1,3,19,67,2,2,1,2,0,1,2,NA,no,2,,,
RCT1337,pulse,0,Mara,1,3,19,67,1,1,1,1,0,0,1,NA,no,0,,,
RCT1336,pulse,0,Mara,1,3,19,67,1,0,1,1,0,1,0,NA,no,1,,,
RCT1335,pulse,0,Mara,1,3,19,67,1,1,1,1,0,1,1,NA,no,1,,,
RCT1332,pulse,0,Mara,1,3,19,26,1,0,1,1,0,1,0,NA,no,13,,,
RCT1331,pulse,0,Mara,1,3,19,26,1,1,0,NA,1,,0,NA,,NA,,,
RCT1330,pulse,0,Mara,1,3,19,26,1,1,1,1,0,1,1,NA,no,1,,,
RCT1329,pulse,0,Mara,1,3,19,26,1,1,1,1,0,1,1,NA,no,1,,,
RCT1328,pulse,0,Mara,1,3,19,26,1,1,0,NA,1,,0,NA,,NA,,,
RCT1327,pulse,0,Mara,1,3,19,26,1,1,0,NA,0,,0,NA,,NA,,,
RCT1326,pulse,0,Mara,1,3,19,26,2,0,1,2,0,1,0,NA,no,2,,,
RCT1325,pulse,0,Mara,1,3,19,26,1,1,1,1,0,1,1,NA,no,1,,,
RCT1324,pulse,0,Mara,1,3,19,26,2,2,1,1,1,1,1,NA,no,1,,,
RCT1323,pulse,0,Mara,1,3,19,26,4,3,0,NA,4,,0,NA,,NA,,,
RCT1322,pulse,0,Mara,1,3,24,126,5,5,1,1,4,0,0,NA,no,0,,,
RCT1321,pulse,0,Mara,1,3,24,126,1,1,0,NA,1,,0,NA,,NA,,,
RCT1320,pulse,0,Mara,1,3,24,126,1,1,0,NA,1,,0,NA,,NA,,,
RCT1319,pulse,0,Mara,1,3,24,126,3,1,1,2,1,1,0,NA,no,2,,,
RCT1318,pulse,0,Mara,1,3,24,126,1,0,1,1,0,1,0,NA,no,1,,,
RCT1317,pulse,0,Mara,1,3,24,126,2,2,1,2,0,1,2,NA,no,2,,,
RCT1316,pulse,0,Mara,1,3,24,126,2,2,1,1,1,1,1,NA,no,1,,,
RCT1315,pulse,0,Mara,1,3,24,126,3,3,1,1,2,1,1,NA,no,1,,,
RCT1314,pulse,0,Mara,1,3,24,126,2,3,1,1,1,1,1,NA,no,1,,,
RCT1313,pulse,0,Mara,1,3,24,126,1,1,1,1,0,1,1,NA,no,1,,,
RCT1312,pulse,0,Mara,1,3,24,18,3,3,1,2,1,1,1,NA,no,2,,,
RCT1311,pulse,0,Mara,1,3,24,18,5,4,1,1,4,1,1,NA,no,1,,,
RCT1310,pulse,0,Mara,1,3,24,18,2,1,1,2,0,1,1,NA,no,2,,,
RCT1309,pulse,0,Mara,1,3,24,18,3,3,1,1,2,1,0,NA,no,1,,,
RCT1308,pulse,0,Mara,1,3,24,18,2,2,1,2,0,1,2,NA,no,2,,,
RCT1307,pulse,0,Mara,1,3,24,18,1,0,1,1,0,1,0,NA,no,1,,,
RCT1306,pulse,0,Mara,1,3,24,18,3,2,1,1,2,1,0,NA,no,1,,,
RCT1305,pulse,0,Mara,1,3,24,18,1,0,1,1,0,1,0,NA,no,1,,,
RCT1304,pulse,0,Mara,1,3,24,18,3,3,1,3,0,1,3,NA,no,3,,,
RCT1303,pulse,0,Mara,1,3,24,18,1,1,1,1,0,1,1,NA,no,1,,,
RCT1298,pulse,0,Mara,1,3,24,71,1,1,0,NA,1,,1,NA,,NA,,,
RCT1297,pulse,0,Mara,1,3,24,71,1,1,1,1,0,1,1,NA,no,1,,,
RCT1296,pulse,0,Mara,1,3,24,71,1,1,1,1,0,0,1,NA,no,0,,,
RCT1295,pulse,0,Mara,1,3,24,71,1,1,1,1,0,1,1,NA,no,1,,,
RCT1294,pulse,0,Mara,1,3,24,71,7,6,1,1,6,0,0,NA,no,0,,,
RCT1293,pulse,0,Mara,1,3,24,71,1,1,0,NA,1,,0,NA,,NA,,,
RCT0360,continuous,1,Mara,0,6,15,29,1,1,0,NA,1,,0,NA,,NA,,,
RCT0359,continuous,1,Mara,0,6,15,29,3,3,1,3,0,1,3,NA,no,3,,,
RCT0358,continuous,1,Mara,0,6,15,29,2,1,1,2,0,1,1,NA,no,2,,,
RCT0357,continuous,1,Mara,0,6,15,29,1,1,1,1,0,1,1,NA,no,1,,,
RCT0356,continuous,1,Mara,0,6,15,29,2,1,1,1,1,1,0,NA,no,1,,,
RCT0355,continuous,1,Mara,0,6,15,29,3,2,1,2,1,1,1,NA,no,2,,,
RCT0354,continuous,1,Mara,0,6,15,29,3,3,1,1,2,1,1,NA,no,1,,,
RCT0353,continuous,1,Mara,0,6,15,29,2,2,1,1,1,1,1,NA,no,1,,,
RCT0352,continuous,1,Mara,0,6,15,29,3,3,1,2,1,1,2,NA,no,2,,,
RCT0351,continuous,1,Mara,0,6,15,29,4,4,1,2,2,1,2,NA,no,2,,,
RCT0400,pulse,0,Mara,0,0,23,98,1,1,1,1,0,1,1,NA,no,1,,,
RCT0399,pulse,0,Mara,0,0,23,98,1,1,0,NA,1,,0,NA,,NA,,,
RCT0398,pulse,0,Mara,0,0,23,98,1,0,1,1,0,1,0,NA,no,1,,,
RCT0397,pulse,0,Mara,0,0,23,98,2,2,1,2,0,0,0,NA,no,0,,,
RCT0396,pulse,0,Mara,0,0,23,98,2,2,1,2,0,0,2,NA,no,0,,,
RCT0395,pulse,0,Mara,0,0,23,98,2,0,1,2,0,1,0,NA,no,2,,,
RCT0394,pulse,0,Mara,0,0,23,98,1,1,1,1,0,1,1,NA,no,1,,,
RCT0393,pulse,0,Mara,0,0,23,98,1,1,0,NA,1,,0,NA,,NA,,,
RCT0392,pulse,0,Mara,0,0,23,98,2,1,1,1,1,1,0,NA,no,1,,,
RCT0391,pulse,0,Mara,0,0,23,98,1,1,0,NA,0,,0,NA,,NA,,,
RCT0410,pulse,0,Mara,0,0,23,14,2,2,1,1,1,1,1,NA,no,1,,,
RCT0409,pulse,0,Mara,0,0,23,14,1,1,1,1,0,1,1,NA,no,1,,,
RCT0408,pulse,0,Mara,0,0,23,14,1,1,0,NA,0,,0,NA,,NA,,,
RCT0407,pulse,0,Mara,0,0,23,14,1,1,1,1,0,1,0,NA,no,1,,,
RCT0406,pulse,0,Mara,0,0,23,14,1,1,1,1,0,1,0,NA,no,1,,,
RCT0405,pulse,0,Mara,0,0,23,14,2,0,1,2,0,1,0,NA,no,2,,,
RCT0404,pulse,0,Mara,0,0,23,14,1,1,1,1,0,1,1,NA,no,1,,,
RCT0403,pulse,0,Mara,0,0,23,14,1,0,1,1,0,0,0,NA,no,0,,,
RCT0402,pulse,0,Mara,0,0,23,14,5,5,1,1,4,1,1,NA,no,1,,,
RCT0401,pulse,0,Mara,0,0,23,14,3,1,1,2,1,1,0,NA,no,2,,,
RCT0420,pulse,0,Mara,0,0,23,121,3,0,1,1,2,1,0,NA,no,1,,,
RCT0419,pulse,0,Mara,0,0,23,121,1,0,1,1,0,0,0,NA,no,0,,,
RCT0418,pulse,0,Mara,0,0,23,121,1,1,1,1,0,0,1,NA,no,0,,,
RCT0417,pulse,0,Mara,0,0,23,121,1,0,1,1,0,1,0,NA,no,1,,,
RCT0416,pulse,0,Mara,0,0,23,121,1,1,1,1,0,1,1,NA,no,1,,,
RCT0415,pulse,0,Mara,0,0,23,121,1,0,1,1,0,1,0,NA,no,1,,,
RCT0414,pulse,0,Mara,0,0,23,121,3,0,1,3,0,0,0,NA,no,0,,,
RCT0413,pulse,0,Mara,0,0,23,121,1,1,0,NA,1,,0,NA,,NA,,,
RCT0412,pulse,0,Mara,0,0,23,121,2,2,1,1,1,1,1,NA,no,1,,,
RCT0411,pulse,0,Mara,0,0,23,121,1,1,0,NA,1,,0,NA,,NA,,,
RCT0460,pulse,0,Mara,0,0,3,65,2,2,0,NA,2,,0,NA,,NA,,,
RCT0459,pulse,0,Mara,0,0,3,65,2,1,0,NA,2,,0,NA,,NA,,,
RCT0458,pulse,0,Mara,0,0,3,65,2,0,1,2,0,0,0,NA,no,0,,,
RCT0457,pulse,0,Mara,0,0,3,65,1,1,0,NA,1,,0,NA,,NA,,,
RCT0456,pulse,0,Mara,0,0,3,65,6,6,0,NA,6,,0,NA,,NA,,,
RCT0455,pulse,0,Mara,0,0,3,65,1,1,0,NA,1,,0,NA,,NA,,,
RCT0454,pulse,0,Mara,0,0,3,65,1,0,0,NA,1,,0,NA,,NA,,,
RCT0453,pulse,0,Mara,0,0,3,65,1,0,0,NA,1,,0,NA,,NA,,,
RCT0452,pulse,0,Mara,0,0,3,65,1,1,0,NA,1,,0,NA,,NA,,,
RCT0451,pulse,0,Mara,0,0,3,65,1,1,0,NA,1,,0,NA,,NA,,,
RCT0470,pulse,0,Mara,0,0,3,73,1,1,1,1,0,0,1,NA,no,0,,,
RCT0469,pulse,0,Mara,0,0,3,73,2,2,0,NA,2,,0,NA,,NA,,,
RCT0468,pulse,0,Mara,0,0,3,73,2,2,1,1,1,1,1,NA,no,1,,,
RCT0466,pulse,0,Mara,0,0,3,73,1,1,0,NA,1,,0,NA,,NA,,,
RCT0467,pulse,0,Mara,0,0,3,73,2,0,1,1,1,1,0,NA,no,1,,,
RCT0465,pulse,0,Mara,0,0,3,73,1,1,1,1,0,1,1,NA,no,1,,,
RCT0464,pulse,0,Mara,0,0,3,73,1,0,1,1,0,1,0,NA,no,1,,,
RCT0463,pulse,0,Mara,0,0,3,73,1,0,1,1,0,1,0,NA,no,1,,,
RCT0462,pulse,0,Mara,0,0,3,73,2,2,0,NA,2,,0,NA,,NA,,,
RCT0461,pulse,0,Mara,0,0,3,73,2,2,1,1,1,1,1,NA,no,1,,,
RCT0480,pulse,0,Mara,0,0,3,44,1,0,1,1,0,1,0,NA,no,1,,,
RCT0479,pulse,0,Mara,0,0,3,44,1,1,0,NA,1,,0,NA,,NA,,,
RCT0478,pulse,0,Mara,0,0,3,44,1,1,0,NA,1,,0,NA,,NA,,,
RCT0477,pulse,0,Mara,0,0,3,44,2,2,unknown,NA,2,,0,NA,,NA,,,
RCT0950,pulse,0,Mara,2,10,35,81,2,2,0,NA,2,,0,NA,,NA,,,
RCT0949,pulse,0,Mara,2,10,35,81,4,4,0,NA,4,,0,NA,,NA,,,
RCT0948,pulse,0,Mara,2,10,35,81,1,1,0,NA,1,,0,NA,,NA,,,
RCT0947,pulse,0,Mara,2,10,35,81,2,2,1,2,0,1,2,NA,no,2,,,
RCT0946,pulse,0,Mara,2,10,35,81,3,3,0,NA,3,,0,NA,,NA,,,
RCT0945,pulse,0,Mara,2,10,35,81,1,1,0,NA,1,,0,NA,,NA,,,
RCT0944,pulse,0,Mara,2,10,35,81,3,3,0,NA,3,,0,NA,,NA,,,
RCT0943,pulse,0,Mara,2,10,35,81,1,1,1,1,0,1,1,NA,no,1,,,
RCT0942,pulse,0,Mara,2,10,35,81,1,1,0,NA,1,,0,NA,,NA,,,
RCT0941,pulse,0,Mara,2,10,35,81,3,3,0,NA,3,,0,NA,,NA,,,
RCT0940,pulse,0,Mara,2,10,35,6,3,3,0,NA,3,,0,NA,,NA,,,
RCT0939,pulse,0,Mara,2,10,35,6,2,2,1,2,0,1,2,NA,no,2,,,
RCT0938,pulse,0,Mara,2,10,35,6,2,2,0,NA,2,,0,NA,,NA,,,
RCT0937,pulse,0,Mara,2,10,35,6,3,3,0,NA,3,,0,NA,,NA,,,
RCT0936,pulse,0,Mara,2,10,35,6,3,3,0,NA,3,,0,NA,,NA,,,
RCT0935,pulse,0,Mara,2,10,35,6,3,3,0,NA,3,,0,NA,,NA,,,
RCT0934,pulse,0,Mara,2,10,35,6,3,3,1,1,2,1,1,NA,no,1,,,
RCT0933,pulse,0,Mara,2,10,35,6,2,2,0,NA,2,,0,NA,,NA,,,
RCT0932,pulse,0,Mara,2,10,35,6,1,1,0,NA,1,,0,NA,,NA,,,
RCT0931,pulse,0,Mara,2,10,35,6,3,3,0,NA,3,,0,NA,,NA,,,
RCT0930,pulse,0,Mara,2,10,35,46,1,1,0,NA,1,,0,NA,,NA,,,
RCT0929,pulse,0,Mara,2,10,35,46,1,1,1,1,0,1,1,NA,no,0,,,
RCT0928,pulse,0,Mara,2,10,35,46,2,2,0,NA,2,,0,NA,,NA,,,
RCT0927,pulse,0,Mara,2,10,35,46,5,5,0,NA,5,,0,NA,,NA,,,
RCT0926,pulse,0,Mara,2,10,35,46,3,3,0,NA,3,,0,NA,,NA,,,
RCT0925,pulse,0,Mara,2,10,35,46,2,2,1,1,1,1,1,NA,no,1,,,
RCT0924,pulse,0,Mara,2,10,35,46,1,1,0,NA,1,,0,NA,,NA,,,
RCT0923,pulse,0,Mara,2,10,35,46,1,1,0,NA,1,,0,NA,,NA,,,
RCT0922,pulse,0,Mara,2,10,35,46,1,1,0,NA,1,,0,NA,,NA,,,
RCT0921,pulse,0,Mara,2,10,35,46,2,2,0,NA,2,,0,NA,,NA,,,
RCT0450,pulse,0,Mara,0,0,8,32,5,5,1,1,4,1,1,NA,no,1,,,
RCT0449,pulse,0,Mara,0,0,8,32,2,2,0,NA,2,,0,NA,,NA,,,
RCT0448,pulse,0,Mara,0,0,8,32,2,2,0,NA,2,,0,NA,,NA,,,
RCT0447,pulse,0,Mara,0,0,8,32,1,1,0,NA,1,,0,NA,,NA,,,
RCT0446,pulse,0,Mara,0,0,8,32,2,2,0,NA,2,,0,NA,,NA,,,
RCT0445,pulse,0,Mara,0,0,8,32,2,2,0,NA,2,,0,NA,,NA,,,
RCT0444,pulse,0,Mara,0,0,8,32,1,1,1,1,0,1,1,NA,no,1,,,
RCT0443,pulse,0,Mara,0,0,8,32,1,1,0,NA,1,,0,NA,,NA,,,
RCT0442,pulse,0,Mara,0,0,8,32,7,7,0,NA,7,,0,NA,,NA,,,
RCT0370,pulse,0,Mara,0,0,11,15,1,1,1,1,0,1,1,NA,no,1,,,
RCT0369,pulse,0,Mara,0,0,11,15,1,1,0,NA,1,,0,NA,,NA,,,
RCT0368,pulse,0,Mara,0,0,11,15,3,3,1,2,1,1,2,NA,no,2,,,
RCT0367,pulse,0,Mara,0,0,11,15,1,1,1,1,0,1,1,NA,no,1,,,
RCT0441,pulse,0,Mara,0,0,8,32,2,2,0,NA,2,,0,NA,,NA,,,
RCT0366,pulse,0,Mara,0,0,11,122,1,1,0,NA,1,,0,NA,,NA,,,
RCT0439,pulse,0,Mara,0,0,11,28,2,2,1,2,0,1,2,NA,no,2,,,
RCT0364,pulse,0,Mara,0,0,11,122,3,3,1,2,1,1,2,NA,no,2,,,
RCT0437,pulse,0,Mara,0,0,8,28,1,1,1,1,0,1,1,NA,no,1,,,
RCT0365,pulse,0,Mara,0,0,11,122,2,2,1,2,0,1,2,NA,no,2,,,
RCT0363,pulse,0,Mara,0,0,11,122,2,1,0,NA,1,,1,NA,,NA,,,
RCT0362,pulse,0,Mara,0,0,11,122,4,4,1,4,0,1,4,NA,no,4,,,
RCT0438,pulse,0,Mara,0,0,8,28,1,1,1,1,0,1,1,NA,no,1,,,
RCT0436,pulse,0,Mara,0,0,8,28,2,2,0,NA,2,,0,NA,,NA,,,
RCT0361,pulse,0,Mara,0,0,11,122,2,2,1,1,1,1,1,NA,no,1,,,
RCT0435,pulse,0,Mara,0,0,8,28,1,1,1,1,0,1,1,NA,no,1,,,
RCT0434,pulse,0,Mara,0,0,8,28,3,3,1,1,2,1,1,NA,no,1,,,
RCT0380,pulse,0,Mara,0,0,11,111,1,1,1,1,0,1,1,NA,no,1,,,
RCT0433,pulse,0,Mara,0,0,8,28,1,1,0,NA,1,,0,NA,,NA,,,
RCT0379,pulse,0,Mara,0,0,11,111,3,3,1,3,0,1,3,NA,no,3,,,
RCT0378,pulse,0,Mara,0,0,11,111,2,2,0,NA,2,,0,NA,,NA,,,
RCT0377,pulse,0,Mara,0,0,11,111,1,1,1,1,0,1,1,NA,no,1,,,
RCT0432,pulse,0,Mara,0,0,8,28,1,1,0,NA,1,,0,NA,,NA,,,
RCT0431,pulse,0,Mara,0,0,8,28,1,1,1,1,0,1,1,NA,no,1,,,
RCT0376,pulse,0,Mara,0,0,11,111,1,1,0,NA,1,,0,NA,,NA,,,
RCT0375,pulse,0,Mara,0,0,11,111,3,3,0,NA,3,,0,NA,,NA,,,
RCT0430,pulse,0,Mara,0,0,8,13,4,4,1,2,2,1,2,NA,no,2,,,
RCT0374,pulse,0,Mara,0,0,11,111,2,2,1,1,1,1,1,NA,no,1,,,
RCT0429,pulse,0,Mara,0,0,8,13,1,1,1,1,0,1,1,NA,no,1,,,
RCT0373,pulse,0,Mara,0,0,11,111,1,1,1,1,0,1,1,NA,no,1,,,
RCT0372,pulse,0,Mara,0,0,11,111,1,1,1,1,0,1,1,NA,no,1,,,
RCT0428,pulse,0,Mara,0,0,8,13,3,3,1,3,0,1,3,NA,no,3,,,
RCT0371,pulse,0,Mara,0,0,11,111,2,2,1,2,0,1,2,NA,no,2,,,
RCT0427,pulse,0,Mara,0,0,8,13,2,2,1,2,0,1,2,NA,no,2,,,
RCT0426,pulse,0,Mara,0,0,8,13,1,1,0,NA,1,,0,NA,,NA,,,
RCT0390,pulse,0,Mara,0,0,11,85,2,2,1,2,0,1,2,NA,no,2,,,
RCT0425,pulse,0,Mara,0,0,8,13,1,1,0,NA,1,,0,NA,,NA,,,
RCT0424,pulse,0,Mara,0,0,8,13,1,1,1,1,0,1,1,NA,no,1,,,
RCT0389,pulse,0,Mara,0,0,11,85,1,1,0,NA,1,,0,NA,,NA,,,
RCT0388,pulse,0,Mara,0,0,11,85,1,1,1,1,0,1,1,NA,no,1,,,
RCT0423,pulse,0,Mara,0,0,8,13,2,2,1,1,1,1,1,NA,no,1,,,
RCT0387,pulse,0,Mara,0,0,11,85,2,2,1,2,0,1,2,NA,no,2,,,
RCT0422,pulse,0,Mara,0,0,8,13,1,1,0,NA,1,,0,NA,,NA,,,
RCT0386,pulse,0,Mara,0,0,11,85,1,1,1,1,0,1,1,NA,no,1,,,
RCT0421,pulse,0,Mara,0,0,8,13,2,1,1,2,0,1,1,NA,no,2,,,
RCT0385,pulse,0,Mara,0,0,11,85,4,4,1,2,2,1,2,NA,no,2,,,
RCT0384,pulse,0,Mara,0,0,11,85,1,1,0,NA,1,,0,NA,,NA,,,
RCT0383,pulse,0,Mara,0,0,11,85,1,1,0,NA,1,,0,NA,,NA,,,
RCT0382,pulse,0,Mara,0,0,11,85,1,1,1,1,0,1,1,NA,no,1,,,
RCT0381,pulse,0,Mara,0,0,11,85,1,1,0,NA,1,,0,NA,,NA,,,
RCT0476,pulse,0,Mara,0,0,46,44,2,0,1,1,1,0,0,NA,no,0,,,
RCT0475,pulse,0,Mara,0,0,46,44,2,2,0,NA,2,,0,NA,,NA,,,
RCT0474,pulse,0,Mara,0,0,46,44,1,0,0,NA,1,,0,NA,,NA,,,
RCT0473,pulse,0,Mara,0,0,46,44,1,1,0,NA,1,,0,NA,,NA,,,
RCT0472,pulse,0,Mara,0,0,46,44,2,1,0,NA,2,,0,NA,,NA,,,
RCT0471,pulse,0,Mara,0,0,46,44,1,1,0,NA,1,,0,NA,,NA,,,